t,range,guard_cmd,blocked,wheel_speed,wheel_omega,moving,lidar_range,camera_range
0.0,0.364,0.0,0,0.0,0.0,0,0.431,0.529
0.02,0.364,0.0,1,0.0,0.0,0,0.431,0.529
0.041,0.364,0.0,1,0.0,0.0,0,0.431,0.529
0.061,0.3645,0.0,1,0.0,0.0,0,0.375,0.434
0.082,0.3645,0.0,1,0.0,0.0,0,0.375,0.434
0.102,0.3645,0.0,1,0.0,0.0,0,0.375,0.434
0.123,0.3645,0.0,1,0.0,0.0,0,0.375,0.434
0.143,0.366,0.0,1,0.0,0.0,0,0.375,0.434
0.164,0.366,0.0,1,0.0,0.0,0,0.375,0.434
0.184,0.366,0.0,1,0.0,0.0,0,0.375,0.434
0.204,0.366,0.0,1,0.0,0.0,0,0.375,0.434
0.225,0.371,0.0,1,0.0,0.0,0,0.375,0.434
0.245,0.371,0.0,1,0.0,0.0,0,0.375,0.434
0.265,0.371,0.0,1,0.0,0.0,0,0.375,0.434
0.286,0.371,0.0,1,0.0,0.0,0,0.375,0.434
0.306,0.371,0.0,1,0.0,0.0,0,0.375,0.434
0.326,0.371,0.0,1,0.0,0.0,0,0.375,0.434
0.347,0.371,0.0,1,0.0,0.0,0,0.375,0.434
0.367,0.371,0.0,1,0.0,0.0,0,0.375,0.434
0.387,0.371,0.0,1,0.0,0.0,0,0.375,0.434
0.408,0.371,0.0,1,0.0,0.0,0,0.375,0.434
0.428,0.371,0.0,1,0.0,0.0,0,0.375,0.434
0.449,0.371,0.0,1,0.0,0.0,0,0.375,0.434
0.469,0.371,0.0,1,0.0,0.0,0,0.375,0.434
0.489,0.371,0.0,1,0.0,0.0,0,0.375,0.434
0.51,0.371,0.0,1,0.0,0.0,0,0.375,0.434
0.531,0.369,0.0,1,0.0,0.0,0,0.375,0.434
0.552,0.369,0.0,1,0.0,0.0,0,0.38,0.433
0.573,0.369,0.0,1,0.0,0.0,0,0.38,0.433
0.593,0.369,0.0,1,0.0,0.0,0,0.38,0.433
0.614,0.363,0.0,1,0.0,0.0,0,0.38,0.433
0.634,0.363,0.0,1,0.0,0.0,0,0.38,0.433
0.654,0.363,0.0,1,0.0,0.0,0,0.38,0.433
0.675,0.363,0.0,1,0.0,0.0,0,0.38,0.433
0.695,0.353,0.0,1,0.0,0.0,0,0.38,0.433
0.716,0.353,0.0,1,0.0,0.0,0,0.38,0.433
0.736,0.353,0.0,1,0.0,0.0,0,0.38,0.433
0.756,0.353,0.0,1,0.0,0.0,0,0.38,0.433
0.777,0.343,0.0,1,0.0,0.0,0,0.38,0.433
0.798,0.343,0.0,1,0.0,0.0,0,0.38,0.433
0.819,0.343,0.0,1,0.0,0.0,0,0.38,0.433
0.839,0.343,0.0,1,0.0,0.0,0,0.38,0.433
0.859,0.331,0.0,1,0.0,0.0,0,0.38,0.433
0.88,0.331,0.0,1,0.0,0.0,0,0.38,0.433
0.9,0.331,0.0,1,0.0,0.0,0,0.38,0.433
0.92,0.331,0.0,1,0.0,0.0,0,0.38,0.433
0.941,0.321,0.0,1,0.0,0.0,0,0.38,0.433
0.961,0.321,0.0,1,0.0,0.0,0,0.38,0.433
0.982,0.321,0.0,1,0.0,0.0,0,0.38,0.433
1.002,0.321,0.0,1,0.0,0.0,0,0.38,0.433
1.022,0.313,0.0,1,0.0,0.0,0,0.38,0.433
1.043,0.313,0.0,1,0.0,0.0,0,0.38,0.433
1.063,0.313,0.0,1,0.0,0.0,0,0.326,0.371
1.084,0.308,0.0,1,0.0,0.0,0,0.326,0.371
1.104,0.308,0.0,1,0.0,0.0,0,0.326,0.371
1.125,0.308,0.0,1,0.0,0.0,0,0.326,0.371
1.145,0.308,0.0,1,0.0,0.0,0,0.326,0.371
1.166,0.305,0.0,1,0.0,0.0,0,0.326,0.371
1.186,0.305,0.0,1,0.0,0.0,0,0.326,0.371
1.206,0.305,0.0,1,0.0,0.0,0,0.326,0.371
1.227,0.305,0.0,1,0.0,0.0,0,0.326,0.371
1.248,0.303,0.0,1,0.0,0.0,0,0.326,0.371
1.268,0.303,0.0,1,0.0,0.0,0,0.326,0.371
1.288,0.303,0.0,1,0.0,0.0,0,0.326,0.371
1.309,0.303,0.0,1,0.0,0.0,0,0.326,0.371
1.33,0.305,0.0,1,0.0,0.0,0,0.326,0.371
1.35,0.305,0.0,1,0.0,0.0,0,0.326,0.371
1.37,0.305,0.0,1,0.0,0.0,0,0.326,0.371
1.391,0.305,0.0,1,0.0,0.0,0,0.326,0.371
1.411,0.307,0.0,1,0.0,0.0,0,0.326,0.371
1.432,0.307,0.0,1,0.0,0.0,0,0.326,0.371
1.452,0.307,0.0,1,0.0,0.0,0,0.326,0.371
1.473,0.307,0.0,1,0.0,0.0,0,0.326,0.371
1.493,0.312,0.0,1,0.0,0.0,0,0.326,0.371
1.513,0.312,0.0,1,0.0,0.0,0,0.326,0.371
1.534,0.312,0.0,1,0.0,0.0,0,0.326,0.371
1.554,0.312,0.0,1,0.0,0.0,0,0.325,0.368
1.574,0.32,0.0,1,0.0,0.0,0,0.325,0.368
1.595,0.32,0.0,1,0.0,0.0,0,0.325,0.368
1.615,0.32,0.0,1,0.0,0.0,0,0.325,0.368
1.635,0.32,0.0,1,0.0,0.0,0,0.325,0.368
1.656,0.327,0.0,1,0.0,0.0,0,0.325,0.368
1.676,0.327,0.0,1,0.0,0.0,0,0.325,0.368
1.696,0.327,0.0,1,0.0,0.0,0,0.325,0.368
1.717,0.33,0.0,1,0.0,0.0,0,0.325,0.368
1.737,0.33,0.0,1,0.0,0.0,0,0.325,0.368
1.757,0.33,0.0,1,0.0,0.0,0,0.325,0.368
1.778,0.33,0.0,1,0.0,0.0,0,0.325,0.368
1.799,0.327,0.0,1,0.0,0.0,0,0.325,0.368
1.819,0.327,0.0,1,0.0,0.0,0,0.325,0.368
1.839,0.327,0.0,1,0.0,0.0,0,0.325,0.368
1.86,0.327,0.0,1,0.0,0.0,0,0.325,0.368
1.88,0.337,0.0,1,0.0,0.0,0,0.325,0.368
1.9,0.337,0.0,1,0.0,0.0,0,0.325,0.368
1.921,0.337,0.0,1,0.0,0.0,0,0.325,0.368
1.941,0.337,0.0,1,0.0,0.0,0,0.325,0.368
1.961,0.4095,0.0,1,0.0,0.0,0,0.325,0.368
1.982,0.4095,0.0036,0,0.0,0.0,0,0.325,0.368
2.002,0.4095,0.0036,0,0.0,0.0,0,0.325,0.368
2.022,0.4095,0.0036,0,0.0,0.0,0,0.325,0.368
2.043,0.4925,0.0036,0,0.0,0.0,0,0.325,0.368
2.063,0.4925,0.0347,0,0.0,0.0,0,0.501,0.527
2.083,0.4925,0.0347,0,0.0,0.0,0,0.501,0.527
2.104,0.4925,0.0347,0,0.0,0.0,0,0.501,0.527
2.124,0.4915,0.0347,0,0.0,0.0,0,0.501,0.527
2.145,0.4915,0.0343,0,0.0,0.0,0,0.501,0.527
2.165,0.4915,0.0343,0,0.0,0.0,0,0.501,0.527
2.185,0.4915,0.0343,0,0.0,0.0,0,0.501,0.527
2.206,0.999,0.0343,0,0.0,0.0,0,0.501,0.527
2.226,0.999,0.15,0,0.0,0.0,0,0.501,0.527
2.246,0.999,0.15,0,0.0,0.0,0,0.501,0.527
2.267,0.999,0.15,0,0.0,0.0,0,0.501,0.527
2.287,0.4895,0.15,0,0.0,0.0,0,0.501,0.527
2.307,0.4895,0.0336,0,0.0,0.0,0,0.501,0.527
2.328,0.4895,0.0336,0,0.0,0.0,0,0.501,0.527
2.348,0.4895,0.0336,0,0.0832,0.104,1,0.501,0.527
2.369,1.003,0.15,0,0.0832,0.104,1,0.501,0.527
2.389,1.003,0.15,0,0.0832,0.104,1,0.501,0.527
2.41,1.003,0.15,0,0.0832,0.104,1,0.501,0.527
2.43,0.4925,0.15,0,0.0832,0.104,1,0.501,0.527
2.45,0.4925,0.0347,0,0.1268,0.2084,1,0.501,0.527
2.471,0.4925,0.0347,0,0.1268,0.2084,1,0.501,0.527
2.491,0.4925,0.0347,0,0.1268,0.2084,1,0.501,0.527
2.511,0.4915,0.0347,0,0.1268,0.2084,1,0.501,0.527
2.532,0.4915,0.0343,0,0.1268,0.2084,1,0.501,0.527
2.552,0.4915,0.0343,0,0.1908,0.4214,1,0.5,0.529
2.572,0.4915,0.0343,0,0.1908,0.4214,1,0.5,0.529
2.593,0.4925,0.0343,0,0.1908,0.4214,1,0.5,0.529
2.613,0.4925,0.0347,0,0.1908,0.4214,1,0.5,0.529
2.633,0.4925,0.0347,0,0.1908,0.4214,1,0.5,0.529
2.654,0.4925,0.0347,0,0.0532,0.1564,1,0.5,0.529
2.674,0.4875,0.0347,0,0.0532,0.1564,1,0.5,0.529
2.694,0.4875,0.0328,0,0.0532,0.1564,1,0.5,0.529
2.715,0.4875,0.0328,0,0.0532,0.1564,1,0.5,0.529
2.735,0.4875,0.0328,0,0.0532,0.1564,1,0.5,0.529
2.755,0.4925,0.0328,0,0.0208,0.1041,1,0.5,0.529
2.776,0.4925,0.0347,0,0.0208,0.1041,1,0.5,0.529
2.796,0.4925,0.0347,0,0.0208,0.1041,1,0.5,0.529
2.817,0.4925,0.0347,0,0.0208,0.1041,1,0.5,0.529
2.837,0.4915,0.0347,0,0.0208,0.1041,1,0.5,0.529
2.857,0.4915,0.0343,0,0.0,0.0,0,0.5,0.529
2.878,0.4915,0.0343,0,0.0,0.0,0,0.5,0.529
2.899,0.4915,0.0343,0,0.0,0.0,0,0.5,0.529
2.919,0.7855,0.0343,0,0.0,0.0,0,0.5,0.529
2.94,0.7855,0.1446,0,0.0,0.0,0,0.5,0.529
2.96,0.7855,0.1446,0,0.0,0.0,0,0.5,0.529
2.981,0.7855,0.1446,0,0.0,0.0,0,0.5,0.529
3.001,0.4865,0.0324,0,0.0,0.0,0,0.5,0.529
3.021,0.4865,0.0324,0,0.0,0.0,0,0.5,0.529
3.042,0.4865,0.0324,0,0.0,0.0,0,0.5,0.529
3.062,0.8515,0.0324,0,0.0415,0.0,1,0.495,0.527
3.082,0.8515,0.15,0,0.0415,0.0,1,0.495,0.527
3.103,0.8515,0.15,0,0.0415,0.0,1,0.495,0.527
3.123,0.8515,0.15,0,0.0415,0.0,1,0.495,0.527
3.143,0.4915,0.15,0,0.0415,0.0,1,0.495,0.527
3.164,0.4915,0.0343,0,0.0,0.0,0,0.495,0.527
3.184,0.4915,0.0343,0,0.0,0.0,0,0.495,0.527
3.205,0.4915,0.0343,0,0.0,0.0,0,0.495,0.527
3.225,0.4915,0.0343,0,0.0,0.0,0,0.495,0.527
3.245,0.4915,0.0343,0,0.0,0.0,0,0.495,0.527
3.266,0.4915,0.0343,0,0.0737,0.0521,1,0.495,0.527
3.286,0.4915,0.0343,0,0.0737,0.0521,1,0.495,0.527
3.306,0.4915,0.0343,0,0.0737,0.0521,1,0.495,0.527
3.327,0.4915,0.0343,0,0.0737,0.0521,1,0.495,0.527
3.347,0.4915,0.0343,0,0.0737,0.0521,1,0.495,0.527
3.367,0.4915,0.0343,0,0.0,0.0,0,0.495,0.527
3.388,0.4915,0.0343,0,0.0,0.0,0,0.495,0.527
3.408,0.4915,0.0343,0,0.0,0.0,0,0.495,0.527
3.428,0.4915,0.0343,0,0.0,0.0,0,0.495,0.527
3.449,0.4915,0.0343,0,0.0,0.0,0,0.495,0.527
3.469,0.4925,0.0343,0,0.0,0.0,0,0.495,0.527
3.49,0.4925,0.0347,0,0.0,0.0,0,0.495,0.527
3.51,0.4925,0.0347,0,0.0,0.0,0,0.495,0.527
3.53,0.4925,0.0347,0,0.0,0.0,0,0.495,0.527
3.551,0.4925,0.0347,0,0.0,0.0,0,0.501,0.528
3.571,0.4925,0.0347,0,0.0,0.0,0,0.501,0.528
3.592,0.4925,0.0347,0,0.0,0.0,0,0.501,0.528
3.612,0.4925,0.0347,0,0.0,0.0,0,0.501,0.528
3.633,1.0,0.0347,0,0.0,0.0,0,0.501,0.528
3.653,1.0,0.15,0,0.0,0.0,0,0.501,0.528
3.673,1.0,0.15,0,0.0,0.0,0,0.501,0.528
3.694,0.4965,0.15,0,0.0,0.0,0,0.501,0.528
3.714,0.4965,0.0362,0,0.0,0.0,0,0.501,0.528
3.734,0.4965,0.0362,0,0.0,0.0,0,0.501,0.528
3.755,0.4965,0.0362,0,0.0,0.0,0,0.501,0.528
3.775,0.8475,0.0362,0,0.0421,0.1053,1,0.501,0.528
3.795,0.8475,0.15,0,0.0421,0.1053,1,0.501,0.528
3.816,0.8475,0.15,0,0.0421,0.1053,1,0.501,0.528
3.836,0.8475,0.15,0,0.0421,0.1053,1,0.501,0.528
3.857,0.4915,0.15,0,0.0421,0.1053,1,0.501,0.528
3.877,0.4915,0.0343,0,0.0466,0.1042,1,0.501,0.528
3.898,0.4915,0.0343,0,0.0466,0.1042,1,0.501,0.528
3.918,0.4915,0.0343,0,0.0466,0.1042,1,0.501,0.528
3.938,0.4915,0.0343,0,0.0466,0.1042,1,0.501,0.528
3.959,0.4915,0.0343,0,0.0466,0.1042,1,0.501,0.528
3.979,0.4915,0.0343,0,0.0531,0.0521,1,0.501,0.528
4.0,0.4915,0.0343,0,0.0531,0.0521,1,0.501,0.528
4.02,0.4915,0.0343,0,0.0531,0.0521,1,0.501,0.528
4.04,0.4915,0.0343,0,0.0531,0.0521,1,0.501,0.528
4.061,0.4915,0.0343,0,0.0,0.0,0,0.5,0.529
4.081,0.4915,0.0343,0,0.0,0.0,0,0.5,0.529
4.101,0.4915,0.0343,0,0.0,0.0,0,0.5,0.529
4.122,0.4915,0.0343,0,0.0,0.0,0,0.5,0.529
4.142,0.4915,0.0343,0,0.0,0.0,0,0.5,0.529
4.163,0.4915,0.0343,0,0.0,0.0,0,0.5,0.529
4.183,0.8405,0.0343,0,0.0,0.0,0,0.5,0.529
4.204,0.8405,0.15,0,0.0,0.0,0,0.5,0.529
4.224,0.8405,0.15,0,0.0,0.0,0,0.5,0.529
4.245,0.8405,0.15,0,0.0,0.0,0,0.5,0.529
4.265,0.4925,0.15,0,0.0,0.0,0,0.5,0.529
4.286,0.4925,0.0347,0,0.0,0.0,0,0.5,0.529
4.306,0.4925,0.0347,0,0.0,0.0,0,0.5,0.529
4.326,0.4915,0.0347,0,0.0,0.0,0,0.5,0.529
4.346,0.4915,0.0343,0,0.0,0.0,0,0.5,0.529
4.367,0.4915,0.0343,0,0.1254,0.1045,1,0.5,0.529
4.387,0.4915,0.0343,0,0.1254,0.1045,1,0.5,0.529
4.408,0.4915,0.0343,0,0.1254,0.1045,1,0.5,0.529
4.428,0.4915,0.0343,0,0.1254,0.1045,1,0.5,0.529
4.448,0.4915,0.0343,0,0.1254,0.1045,1,0.5,0.529
4.469,0.4915,0.0343,0,0.0535,0.0524,1,0.5,0.529
4.489,0.4905,0.0343,0,0.0535,0.0524,1,0.5,0.529
4.509,0.4905,0.0339,0,0.0535,0.0524,1,0.5,0.529
4.53,0.4905,0.0339,0,0.0535,0.0524,1,0.5,0.529
4.55,0.4905,0.0339,0,0.0535,0.0524,1,0.499,0.529
4.571,1.001,0.0339,0,0.0,0.0,0,0.499,0.529
4.591,1.001,0.15,0,0.0,0.0,0,0.499,0.529
4.611,1.001,0.15,0,0.0,0.0,0,0.499,0.529
4.632,1.001,0.15,0,0.0,0.0,0,0.499,0.529
4.652,0.4865,0.15,0,0.0,0.0,0,0.499,0.529
4.673,0.4865,0.0324,0,0.0333,0.0526,1,0.499,0.529
4.694,0.4865,0.0324,0,0.0333,0.0526,1,0.499,0.529
4.714,0.4865,0.0324,0,0.0333,0.0526,1,0.499,0.529
4.734,0.4895,0.0324,0,0.0333,0.0526,1,0.499,0.529
4.755,0.4895,0.0336,0,0.0333,0.0526,1,0.499,0.529
4.775,0.4895,0.0336,0,0.0291,0.1028,1,0.499,0.529
4.795,0.4895,0.0336,0,0.0291,0.1028,1,0.499,0.529
4.816,0.4915,0.0336,0,0.0291,0.1028,1,0.499,0.529
4.836,0.4915,0.0343,0,0.0291,0.1028,1,0.499,0.529
4.857,0.4915,0.0343,0,0.0291,0.1028,1,0.499,0.529
4.877,0.4915,0.0343,0,0.0,0.0,0,0.499,0.529
4.898,0.4925,0.0347,0,0.0,0.0,0,0.499,0.529
4.919,0.4925,0.0347,0,0.0,0.0,0,0.499,0.529
4.939,0.4925,0.0347,0,0.0,0.0,0,0.499,0.529
4.96,0.7935,0.0347,0,0.0,0.0,0,0.499,0.529
4.98,0.7935,0.1476,0,0.0,0.0,0,0.499,0.529
5.0,0.7935,0.1476,0,0.0,0.0,0,0.499,0.529
5.021,0.7935,0.1476,0,0.0,0.0,0,0.499,0.529
5.041,0.4925,0.1476,0,0.0,0.0,0,0.499,0.529
5.062,0.4925,0.0347,0,0.0,0.0,0,0.501,0.529
5.082,0.4925,0.0347,0,0.0736,0.0521,1,0.501,0.529
5.102,0.4925,0.0347,0,0.0736,0.0521,1,0.501,0.529
5.123,0.4925,0.0347,0,0.0736,0.0521,1,0.501,0.529
5.143,0.4925,0.0347,0,0.0736,0.0521,1,0.501,0.529
5.164,0.4925,0.0347,0,0.0736,0.0521,1,0.501,0.529
5.185,0.4925,0.0347,0,0.1052,0.2105,1,0.501,0.529
5.205,0.4925,0.0347,0,0.1052,0.2105,1,0.501,0.529
5.226,0.4925,0.0347,0,0.1052,0.2105,1,0.501,0.529
5.246,0.4925,0.0347,0,0.1052,0.2105,1,0.501,0.529
5.267,0.4925,0.0347,0,0.1052,0.2105,1,0.501,0.529
5.287,0.4925,0.0347,0,0.0295,0.1044,1,0.501,0.529
5.308,0.4925,0.0347,0,0.0295,0.1044,1,0.501,0.529
5.328,0.4925,0.0347,0,0.0295,0.1044,1,0.501,0.529
5.349,0.4925,0.0347,0,0.0295,0.1044,1,0.501,0.529
5.37,0.8165,0.0347,0,0.0295,0.1044,1,0.501,0.529
5.39,0.8165,0.15,0,0.0,0.0,0,0.501,0.529
5.411,0.8165,0.15,0,0.0,0.0,0,0.501,0.529
5.432,0.4925,0.15,0,0.0,0.0,0,0.501,0.529
5.452,0.4925,0.0347,0,0.0,0.0,0,0.501,0.529
5.473,0.4925,0.0347,0,0.0,0.0,0,0.501,0.529
5.493,0.4925,0.0347,0,0.0,0.0,0,0.501,0.529
5.514,0.4915,0.0347,0,0.0,0.0,0,0.501,0.529
5.534,0.4915,0.0343,0,0.0,0.0,0,0.501,0.529
5.555,0.4915,0.0343,0,0.0,0.0,0,0.5,0.529
5.575,0.4915,0.0343,0,0.0,0.0,0,0.5,0.529
5.595,0.4905,0.0343,0,0.0744,0.0526,1,0.5,0.529
5.616,0.4905,0.0339,0,0.0744,0.0526,1,0.5,0.529
5.636,0.4905,0.0339,0,0.0744,0.0526,1,0.5,0.529
5.656,0.4905,0.0339,0,0.0744,0.0526,1,0.5,0.529
5.677,0.4905,0.0339,0,0.0744,0.0526,1,0.5,0.529
5.697,0.4905,0.0339,0,0.0,0.0,0,0.5,0.529
5.717,0.4905,0.0339,0,0.0,0.0,0,0.5,0.529
5.738,0.4905,0.0339,0,0.0,0.0,0,0.5,0.529
5.758,0.999,0.0339,0,0.0,0.0,0,0.5,0.529
5.779,0.999,0.15,0,0.0,0.0,0,0.5,0.529
5.8,0.999,0.15,0,0.0,0.0,0,0.5,0.529
5.82,0.999,0.15,0,0.0,0.0,0,0.5,0.529
5.84,0.4905,0.15,0,0.0,0.0,0,0.5,0.529
5.861,0.4905,0.0339,0,0.0,0.0,0,0.5,0.529
5.881,0.4905,0.0339,0,0.0833,0.1041,1,0.5,0.529
5.901,0.4905,0.0339,0,0.0833,0.1041,1,0.5,0.529
5.922,0.4915,0.0339,0,0.0833,0.1041,1,0.5,0.529
5.942,0.4915,0.0343,0,0.0833,0.1041,1,0.5,0.529
5.963,0.4915,0.0343,0,0.0833,0.1041,1,0.5,0.529
5.983,0.4915,0.0343,0,0.1152,0.0521,1,0.5,0.529
6.003,0.4915,0.0343,0,0.1152,0.0521,1,0.5,0.529
6.024,0.4915,0.0343,0,0.1152,0.0521,1,0.5,0.529
6.044,0.4915,0.0343,0,0.1152,0.0521,1,0.5,0.529
6.065,0.4925,0.0343,0,0.1152,0.0521,1,0.5,0.528
6.085,0.4925,0.0347,0,0.0,0.0,0,0.5,0.528
6.106,0.4925,0.0347,0,0.0,0.0,0,0.5,0.528
6.126,0.4925,0.0347,0,0.0,0.0,0,0.5,0.528
6.147,0.8345,0.0347,0,0.0,0.0,0,0.5,0.528
6.167,0.8345,0.15,0,0.0,0.0,0,0.5,0.528
6.188,0.8345,0.15,0,0.0,0.0,0,0.5,0.528
6.208,0.8345,0.15,0,0.0,0.0,0,0.5,0.528
6.228,0.4925,0.15,0,0.0,0.0,0,0.5,0.528
6.249,0.4925,0.0347,0,0.0,0.0,0,0.5,0.528
6.269,0.4925,0.0347,0,0.0,0.0,0,0.5,0.528
6.29,0.4925,0.0347,0,0.1063,0.1042,1,0.5,0.528
6.31,0.4925,0.0347,0,0.1063,0.1042,1,0.5,0.528
6.33,0.4925,0.0347,0,0.1063,0.1042,1,0.5,0.528
6.351,0.4925,0.0347,0,0.1063,0.1042,1,0.5,0.528
6.371,0.4925,0.0347,0,0.1063,0.1042,1,0.5,0.528
6.392,0.4905,0.0347,0,0.0953,0.1579,1,0.5,0.528
6.412,0.4905,0.0339,0,0.0953,0.1579,1,0.5,0.528
6.432,0.4905,0.0339,0,0.0953,0.1579,1,0.5,0.528
6.453,0.4905,0.0339,0,0.0953,0.1579,1,0.5,0.528
6.473,0.4865,0.0339,0,0.0953,0.1579,1,0.5,0.528
6.493,0.4865,0.0324,0,0.0147,0.0521,1,0.5,0.528
6.514,0.4865,0.0324,0,0.0147,0.0521,1,0.5,0.528
6.534,0.4865,0.0324,0,0.0147,0.0521,1,0.5,0.528
6.555,0.4935,0.0324,0,0.0147,0.0521,1,0.502,0.529
6.575,0.4935,0.0351,0,0.0147,0.0521,1,0.502,0.529
6.595,0.4935,0.0351,0,0.0,0.0,0,0.502,0.529
6.617,0.4925,0.0351,0,0.0,0.0,0,0.502,0.529
6.637,0.4925,0.0347,0,0.0,0.0,0,0.502,0.529
6.657,0.4925,0.0347,0,0.0,0.0,0,0.502,0.529
6.678,0.4925,0.0347,0,0.0,0.0,0,0.502,0.529
6.699,0.8615,0.0347,0,0.0,0.0,0,0.502,0.529
6.719,0.8615,0.15,0,0.0,0.0,0,0.502,0.529
6.74,0.8615,0.15,0,0.0,0.0,0,0.502,0.529
6.76,0.8615,0.15,0,0.0,0.0,0,0.502,0.529
6.781,0.4915,0.15,0,0.0,0.0,0,0.502,0.529
6.801,0.4915,0.0343,0,0.0329,0.052,1,0.502,0.529
6.821,0.4915,0.0343,0,0.0329,0.052,1,0.502,0.529
6.842,0.4915,0.0343,0,0.0329,0.052,1,0.502,0.529
6.862,0.4915,0.0343,0,0.0329,0.052,1,0.502,0.529
6.883,0.4915,0.0343,0,0.0329,0.052,1,0.502,0.529
6.903,0.4915,0.0343,0,0.136,0.1565,1,0.502,0.529
6.923,0.4915,0.0343,0,0.136,0.1565,1,0.502,0.529
6.944,0.4915,0.0343,0,0.136,0.1565,1,0.502,0.529
6.964,0.4915,0.0343,0,0.136,0.1565,1,0.502,0.529
6.985,0.4915,0.0343,0,0.136,0.1565,1,0.502,0.529
7.005,0.4915,0.0343,0,0.0149,0.0527,1,0.502,0.529
7.025,0.4925,0.0343,0,0.0149,0.0527,1,0.502,0.529
7.046,0.4925,0.0347,0,0.0149,0.0527,1,0.502,0.529
7.066,0.4925,0.0347,0,0.0149,0.0527,1,0.501,0.529
7.086,0.4925,0.0347,0,0.0149,0.0527,1,0.501,0.529
7.107,0.8125,0.0347,0,0.0,0.0,0,0.501,0.529
7.127,0.8125,0.15,0,0.0,0.0,0,0.501,0.529
7.148,0.8125,0.15,0,0.0,0.0,0,0.501,0.529
7.168,0.8125,0.15,0,0.0,0.0,0,0.501,0.529
7.188,0.4915,0.15,0,0.0,0.0,0,0.501,0.529
7.209,0.4915,0.0343,0,0.0625,0.1041,1,0.501,0.529
7.229,0.4915,0.0343,0,0.0625,0.1041,1,0.501,0.529
7.25,0.4905,0.0343,0,0.0625,0.1041,1,0.501,0.529
7.27,0.4905,0.0339,0,0.0625,0.1041,1,0.501,0.529
7.29,0.4905,0.0339,0,0.0625,0.1041,1,0.501,0.529
7.311,0.4905,0.0339,0,0.1054,0.2107,1,0.501,0.529
7.331,0.4895,0.0339,0,0.1054,0.2107,1,0.501,0.529
7.352,0.4895,0.0336,0,0.1054,0.2107,1,0.501,0.529
7.372,0.4895,0.0336,0,0.1054,0.2107,1,0.501,0.529
7.392,0.4895,0.0336,0,0.1054,0.2107,1,0.501,0.529
7.413,0.4925,0.0336,0,0.0417,0.1043,1,0.501,0.529
7.433,0.4925,0.0347,0,0.0417,0.1043,1,0.501,0.529
7.453,0.4925,0.0347,0,0.0417,0.1043,1,0.501,0.529
7.474,0.4925,0.0347,0,0.0417,0.1043,1,0.501,0.529
7.494,0.4915,0.0347,0,0.0417,0.1043,1,0.501,0.529
7.515,0.4915,0.0343,0,0.0,0.0,0,0.501,0.529
7.535,0.4915,0.0343,0,0.0,0.0,0,0.501,0.529
7.555,0.4915,0.0343,0,0.0,0.0,0,0.5,0.529
7.576,0.4925,0.0343,0,0.0,0.0,0,0.5,0.529
7.596,0.4925,0.0347,0,0.0,0.0,0,0.5,0.529
7.617,0.4925,0.0347,0,0.0,0.0,0,0.5,0.529
7.637,0.4925,0.0347,0,0.0,0.0,0,0.5,0.529
7.657,1.0,0.0347,0,0.0,0.0,0,0.5,0.529
7.678,1.0,0.15,0,0.0,0.0,0,0.5,0.529
7.699,1.0,0.15,0,0.0,0.0,0,0.5,0.529
7.719,1.0,0.15,0,0.0,0.0,0,0.5,0.529
7.74,0.4925,0.15,0,0.0,0.0,0,0.5,0.529
7.76,0.4925,0.0347,0,0.0,0.0,0,0.5,0.529
7.781,0.4925,0.0347,0,0.0,0.0,0,0.5,0.529
7.802,0.8575,0.0347,0,0.1253,0.2088,1,0.5,0.529
7.822,0.8575,0.15,0,0.1253,0.2088,1,0.5,0.529
7.843,0.8575,0.15,0,0.1253,0.2088,1,0.5,0.529
7.863,0.8575,0.15,0,0.1253,0.2088,1,0.5,0.529
7.884,0.4925,0.15,0,0.1253,0.2088,1,0.5,0.529
7.904,0.4925,0.0347,0,0.1251,0.2085,1,0.5,0.529
7.925,0.4925,0.0347,0,0.1251,0.2085,1,0.5,0.529
7.945,0.4925,0.0347,0,0.1251,0.2085,1,0.5,0.529
7.965,0.4915,0.0347,0,0.1251,0.2085,1,0.5,0.529
7.986,0.4915,0.0343,0,0.1251,0.2085,1,0.5,0.529
8.006,0.4915,0.0343,0,0.1979,0.26,1,0.5,0.529
8.027,0.4915,0.0343,0,0.1979,0.26,1,0.5,0.529
8.048,0.4875,0.0343,0,0.1979,0.26,1,0.496,0.529
8.068,0.4875,0.0328,0,0.1979,0.26,1,0.496,0.529
8.089,0.4875,0.0328,0,0.1979,0.26,1,0.496,0.529
8.11,0.4875,0.0328,0,0.0633,0.211,1,0.496,0.529
8.13,0.4955,0.0328,0,0.0633,0.211,1,0.496,0.529
8.151,0.4955,0.0358,0,0.0633,0.211,1,0.496,0.529
8.171,0.4955,0.0358,0,0.0633,0.211,1,0.496,0.529
8.191,0.4955,0.0358,0,0.0633,0.211,1,0.496,0.529
8.212,0.4925,0.0358,0,0.0,0.0,0,0.496,0.529
8.232,0.4925,0.0347,0,0.0,0.0,0,0.496,0.529
8.252,0.4925,0.0347,0,0.0,0.0,0,0.496,0.529
8.273,0.4925,0.0347,0,0.0,0.0,0,0.496,0.529
8.293,0.4915,0.0347,0,0.0,0.0,0,0.496,0.529
8.314,0.4915,0.0343,0,0.0,0.0,0,0.496,0.529
8.334,0.4915,0.0343,0,0.0,0.0,0,0.496,0.529
8.354,0.4915,0.0343,0,0.0,0.0,0,0.496,0.529
8.375,0.8035,0.0343,0,0.0,0.0,0,0.496,0.529
8.395,0.8035,0.15,0,0.0,0.0,0,0.496,0.529
8.416,0.8035,0.15,0,0.0,0.0,0,0.496,0.529
8.436,0.4895,0.15,0,0.0,0.0,0,0.496,0.529
8.456,0.4895,0.0336,0,0.0,0.0,0,0.496,0.529
8.477,0.4895,0.0336,0,0.0,0.0,0,0.496,0.529
8.497,0.4895,0.0336,0,0.0,0.0,0,0.496,0.529
8.518,0.406,0.0336,0,0.0417,0.1042,1,0.496,0.529
8.538,0.406,0.0022,0,0.0417,0.1042,1,0.496,0.529
8.559,0.406,0.0022,0,0.0417,0.1042,1,0.416,0.53
8.579,0.406,0.0022,0,0.0417,0.1042,1,0.416,0.53
8.6,0.4045,0.0022,0,0.0417,0.1042,1,0.416,0.53
8.62,0.4045,0.0017,0,0.0208,0.0,1,0.416,0.53
8.64,0.4045,0.0017,0,0.0208,0.0,1,0.416,0.53
8.661,0.4045,0.0017,0,0.0208,0.0,1,0.416,0.53
8.681,0.4065,0.0017,0,0.0208,0.0,1,0.416,0.53
8.702,0.4065,0.0024,0,0.0208,0.0,1,0.416,0.53
8.722,0.4065,0.0024,0,0.0,0.0,0,0.416,0.53
8.743,0.4065,0.0024,0,0.0,0.0,0,0.416,0.53
8.763,0.413,0.0024,0,0.0,0.0,0,0.416,0.53
8.783,0.413,0.0049,0,0.0,0.0,0,0.416,0.53
8.804,0.413,0.0049,0,0.0,0.0,0,0.416,0.53
8.824,0.413,0.0049,0,0.0,0.0,0,0.416,0.53
8.844,0.414,0.0049,0,0.0,0.0,0,0.416,0.53
8.865,0.414,0.0053,0,0.0,0.0,0,0.416,0.53
8.885,0.414,0.0053,0,0.0,0.0,0,0.416,0.53
8.905,0.414,0.0053,0,0.0,0.0,0,0.416,0.53
8.926,0.413,0.0053,0,0.0,0.0,0,0.416,0.53
8.946,0.413,0.0049,0,0.0,0.0,0,0.416,0.53
8.967,0.413,0.0049,0,0.0,0.0,0,0.416,0.53
8.988,0.412,0.0049,0,0.0,0.0,0,0.416,0.53
9.008,0.412,0.0045,0,0.0,0.0,0,0.416,0.53
9.029,0.412,0.0045,0,0.0,0.0,0,0.416,0.53
9.049,0.412,0.0045,0,0.0,0.0,0,0.422,0.479
9.07,0.411,0.0045,0,0.0,0.0,0,0.422,0.479
9.09,0.411,0.0041,0,0.0,0.0,0,0.422,0.479
9.111,0.411,0.0041,0,0.0,0.0,0,0.422,0.479
9.131,0.411,0.0041,0,0.0,0.0,0,0.422,0.479
9.151,0.411,0.0041,0,0.0,0.0,0,0.422,0.479
9.172,0.411,0.0041,0,0.0,0.0,0,0.422,0.479
9.192,0.411,0.0041,0,0.0,0.0,0,0.422,0.479
9.212,0.411,0.0041,0,0.0,0.0,0,0.422,0.479
9.233,0.409,0.0041,0,0.0,0.0,0,0.422,0.479
9.253,0.409,0.0034,0,0.0,0.0,0,0.422,0.479
9.274,0.409,0.0034,0,0.0,0.0,0,0.422,0.479
9.294,0.409,0.0034,0,0.0,0.0,0,0.422,0.479
9.314,0.409,0.0034,0,0.0,0.0,0,0.422,0.479
9.335,0.409,0.0034,0,0.0,0.0,0,0.422,0.479
9.355,0.409,0.0034,0,0.0,0.0,0,0.422,0.479
9.376,0.409,0.0034,0,0.0,0.0,0,0.422,0.479
9.396,0.408,0.0034,0,0.0,0.0,0,0.422,0.479
9.417,0.408,0.003,0,0.0,0.0,0,0.422,0.479
9.437,0.408,0.003,0,0.0,0.0,0,0.422,0.479
9.458,0.408,0.003,0,0.0,0.0,0,0.422,0.479
9.479,0.405,0.003,0,0.0,0.0,0,0.422,0.479
9.499,0.405,0.0019,0,0.0,0.0,0,0.422,0.479
9.519,0.405,0.0019,0,0.0,0.0,0,0.422,0.479
9.54,0.405,0.0019,0,0.0,0.0,0,0.422,0.479
9.56,0.401,0.0019,0,0.0,0.0,0,0.411,0.47
9.58,0.401,0.0004,0,0.0,0.0,0,0.411,0.47
9.601,0.401,0.0004,0,0.0,0.0,0,0.411,0.47
9.622,0.397,0.0004,0,0.0,0.0,0,0.411,0.47
9.643,0.397,0.0,1,0.0,0.0,0,0.411,0.47
9.663,0.397,0.0,1,0.0,0.0,0,0.411,0.47
9.684,0.397,0.0,1,0.0,0.0,0,0.411,0.47
9.704,0.393,0.0,1,0.0,0.0,0,0.411,0.47
9.725,0.393,0.0,1,0.0,0.0,0,0.411,0.47
9.745,0.393,0.0,1,0.0,0.0,0,0.411,0.47
9.765,0.393,0.0,1,0.0,0.0,0,0.411,0.47
9.786,0.388,0.0,1,0.0,0.0,0,0.411,0.47
9.806,0.388,0.0,1,0.0,0.0,0,0.411,0.47
9.827,0.388,0.0,1,0.0,0.0,0,0.411,0.47
9.847,0.388,0.0,1,0.0,0.0,0,0.411,0.47
9.867,0.384,0.0,1,0.0,0.0,0,0.411,0.47
9.888,0.384,0.0,1,0.0,0.0,0,0.411,0.47
9.908,0.384,0.0,1,0.0,0.0,0,0.411,0.47
9.929,0.384,0.0,1,0.0,0.0,0,0.411,0.47
9.949,0.379,0.0,1,0.0,0.0,0,0.411,0.47
9.969,0.379,0.0,1,0.0,0.0,0,0.411,0.47
9.99,0.379,0.0,1,0.0,0.0,0,0.411,0.47
10.01,0.379,0.0,1,0.0,0.0,0,0.411,0.47
10.03,0.374,0.0,1,0.0,0.0,0,0.411,0.47
10.051,0.374,0.0,1,0.0,0.0,0,0.385,0.437
10.071,0.374,0.0,1,0.0,0.0,0,0.385,0.437
10.092,0.374,0.0,1,0.0,0.0,0,0.385,0.437
10.112,0.3705,0.0,1,0.0,0.0,0,0.385,0.437
10.132,0.3705,0.0,1,0.0,0.0,0,0.385,0.437
10.153,0.3705,0.0,1,0.0,0.0,0,0.385,0.437
10.173,0.3705,0.0,1,0.0,0.0,0,0.385,0.437
10.193,0.3665,0.0,1,0.0,0.0,0,0.385,0.437
10.214,0.3665,0.0,1,0.0,0.0,0,0.385,0.437
10.234,0.3665,0.0,1,0.0,0.0,0,0.385,0.437
10.255,0.364,0.0,1,0.0,0.0,0,0.385,0.437
10.275,0.364,0.0,1,0.0,0.0,0,0.385,0.437
10.296,0.364,0.0,1,0.0,0.0,0,0.385,0.437
10.316,0.364,0.0,1,0.0,0.0,0,0.385,0.437
10.337,0.36,0.0,1,0.0,0.0,0,0.385,0.437
10.357,0.36,0.0,1,0.0,0.0,0,0.385,0.437
10.377,0.36,0.0,1,0.0,0.0,0,0.385,0.437
10.398,0.36,0.0,1,0.0,0.0,0,0.385,0.437
10.418,0.358,0.0,1,0.0,0.0,0,0.385,0.437
10.439,0.358,0.0,1,0.0,0.0,0,0.385,0.437
10.459,0.358,0.0,1,0.0,0.0,0,0.385,0.437
10.479,0.358,0.0,1,0.0,0.0,0,0.385,0.437
10.5,0.3555,0.0,1,0.0,0.0,0,0.385,0.437
10.52,0.3555,0.0,1,0.0,0.0,0,0.385,0.437
10.541,0.3555,0.0,1,0.0,0.0,0,0.385,0.437
10.561,0.3555,0.0,1,0.0,0.0,0,0.367,0.417
10.581,0.354,0.0,1,0.0,0.0,0,0.367,0.417
10.602,0.354,0.0,1,0.0,0.0,0,0.367,0.417
10.622,0.354,0.0,1,0.0,0.0,0,0.367,0.417
10.642,0.354,0.0,1,0.0,0.0,0,0.367,0.417
10.663,0.3515,0.0,1,0.0,0.0,0,0.367,0.417
10.683,0.3515,0.0,1,0.0,0.0,0,0.367,0.417
10.703,0.3515,0.0,1,0.0,0.0,0,0.367,0.417
10.724,0.3515,0.0,1,0.0,0.0,0,0.367,0.417
10.744,0.3475,0.0,1,0.0,0.0,0,0.367,0.417
10.764,0.3475,0.0,1,0.0,0.0,0,0.367,0.417
10.785,0.3475,0.0,1,0.0,0.0,0,0.367,0.417
10.805,0.3475,0.0,1,0.0,0.0,0,0.367,0.417
10.826,0.3455,0.0,1,0.0,0.0,0,0.367,0.417
10.846,0.3455,0.0,1,0.0,0.0,0,0.367,0.417
10.867,0.3455,0.0,1,0.0,0.0,0,0.367,0.417
10.887,0.3415,0.0,1,0.0,0.0,0,0.367,0.417
10.907,0.3415,0.0,1,0.0,0.0,0,0.367,0.417
10.928,0.3415,0.0,1,0.0,0.0,0,0.367,0.417
10.949,0.3415,0.0,1,0.0,0.0,0,0.367,0.417
10.969,0.337,0.0,1,0.0,0.0,0,0.367,0.417
10.989,0.337,0.0,1,0.0,0.0,0,0.367,0.417
11.01,0.337,0.0,1,0.0,0.0,0,0.367,0.417
11.03,0.337,0.0,1,0.0,0.0,0,0.367,0.417
11.051,0.3315,0.0,1,0.0,0.0,0,0.343,0.395
11.071,0.3315,0.0,1,0.0,0.0,0,0.343,0.395
11.091,0.3315,0.0,1,0.0,0.0,0,0.343,0.395
11.112,0.3315,0.0,1,0.0,0.0,0,0.343,0.395
11.132,0.326,0.0,1,0.0,0.0,0,0.343,0.395
11.153,0.326,0.0,1,0.0,0.0,0,0.343,0.395
11.173,0.326,0.0,1,0.0,0.0,0,0.343,0.395
11.193,0.326,0.0,1,0.0,0.0,0,0.343,0.395
11.214,0.32,0.0,1,0.0,0.0,0,0.343,0.395
11.234,0.32,0.0,1,0.0,0.0,0,0.343,0.395
11.255,0.32,0.0,1,0.0,0.0,0,0.343,0.395
11.275,0.32,0.0,1,0.0,0.0,0,0.343,0.395
11.295,0.3145,0.0,1,0.0,0.0,0,0.343,0.395
11.316,0.3145,0.0,1,0.0,0.0,0,0.343,0.395
11.336,0.3145,0.0,1,0.0,0.0,0,0.343,0.395
11.356,0.3145,0.0,1,0.0,0.0,0,0.343,0.395
11.377,0.3095,0.0,1,0.0,0.0,0,0.343,0.395
11.397,0.3095,0.0,1,0.0,0.0,0,0.343,0.395
11.418,0.3095,0.0,1,0.0,0.0,0,0.343,0.395
11.438,0.3025,0.0,1,0.0,0.0,0,0.343,0.395
11.458,0.3025,0.0,1,0.0,0.0,0,0.343,0.395
11.479,0.3025,0.0,1,0.0,0.0,0,0.343,0.395
11.499,0.3025,0.0,1,0.0,0.0,0,0.343,0.395
11.52,0.2965,0.0,1,0.0,0.0,0,0.343,0.395
11.54,0.2965,0.0,1,0.0,0.0,0,0.343,0.395
11.56,0.2965,0.0,1,0.0,0.0,0,0.31,0.359
11.581,0.2965,0.0,1,0.0,0.0,0,0.31,0.359
11.601,0.2915,0.0,1,0.0,0.0,0,0.31,0.359
11.622,0.2915,0.0,1,0.0,0.0,0,0.31,0.359
11.642,0.2915,0.0,1,0.0,0.0,0,0.31,0.359
11.662,0.2915,0.0,1,0.0,0.0,0,0.31,0.359
11.683,0.2855,0.0,1,0.0,0.0,0,0.31,0.359
11.703,0.2855,0.0,1,0.0,0.0,0,0.31,0.359
11.723,0.2855,0.0,1,0.0,0.0,0,0.31,0.359
11.744,0.2855,0.0,1,0.0,0.0,0,0.31,0.359
11.764,0.281,0.0,1,0.0,0.0,0,0.31,0.359
11.785,0.281,0.0,1,0.0,0.0,0,0.31,0.359
11.805,0.281,0.0,1,0.0,0.0,0,0.31,0.359
11.825,0.281,0.0,1,0.0,0.0,0,0.31,0.359
11.846,0.2745,0.0,1,0.0,0.0,0,0.31,0.359
11.866,0.2745,0.0,1,0.0,0.0,0,0.31,0.359
11.886,0.2745,0.0,1,0.0,0.0,0,0.31,0.359
11.907,0.2745,0.0,1,0.0,0.0,0,0.31,0.359
11.927,0.2695,0.0,1,0.0,0.0,0,0.31,0.359
11.948,0.2695,0.0,1,0.0,0.0,0,0.31,0.359
11.968,0.2695,0.0,1,0.0,0.0,0,0.31,0.359
11.988,0.2695,0.0,1,0.0,0.0,0,0.31,0.359
12.009,0.2635,0.0,1,0.0,0.0,0,0.31,0.359
12.029,0.2635,0.0,1,0.0,0.0,0,0.31,0.359
12.05,0.2635,0.0,1,0.0,0.0,0,0.278,0.319
12.071,0.2595,0.0,1,0.0,0.0,0,0.278,0.319
12.091,0.2595,0.0,1,0.0,0.0,0,0.278,0.319
12.112,0.2595,0.0,1,0.0,0.0,0,0.278,0.319
12.132,0.2595,0.0,1,0.0,0.0,0,0.278,0.319
12.152,0.2565,0.0,1,0.0,0.0,0,0.278,0.319
12.173,0.2565,0.0,1,0.0,0.0,0,0.278,0.319
12.193,0.2565,0.0,1,0.0,0.0,0,0.278,0.319
12.213,0.2565,0.0,1,0.0,0.0,0,0.278,0.319
12.234,0.2515,0.0,1,0.0,0.0,0,0.278,0.319
12.254,0.2515,0.0,1,0.0,0.0,0,0.278,0.319
12.274,0.2515,0.0,1,0.0,0.0,0,0.278,0.319
12.295,0.2515,0.0,1,0.0,0.0,0,0.278,0.319
12.315,0.2465,0.0,1,0.0,0.0,0,0.278,0.319
12.336,0.2465,0.0,1,0.0,0.0,0,0.278,0.319
12.356,0.2465,0.0,1,0.0,0.0,0,0.278,0.319
12.376,0.2465,0.0,1,0.0,0.0,0,0.278,0.319
12.397,0.2405,0.0,1,0.0,0.0,0,0.278,0.319
12.417,0.2405,0.0,1,0.0,0.0,0,0.278,0.319
12.438,0.2405,0.0,1,0.0,0.0,0,0.278,0.319
12.458,0.2405,0.0,1,0.0,0.0,0,0.278,0.319
12.478,0.2345,0.0,1,0.0,0.0,0,0.278,0.319
12.499,0.2345,0.0,1,0.0,0.0,0,0.278,0.319
12.52,0.2345,0.0,1,0.0,0.0,0,0.278,0.319
12.54,0.2345,0.0,1,0.0,0.0,0,0.278,0.319
12.561,0.2303,0.0,1,0.0,0.0,0,0.247,0.523
12.581,0.2303,0.0,1,0.0,0.0,0,0.247,0.523
12.602,0.2303,0.0,1,0.0,0.0,0,0.247,0.523
12.622,0.2303,0.0,1,0.0,0.0,0,0.247,0.523
12.642,0.2243,0.0,1,0.0,0.0,0,0.247,0.523
12.663,0.2243,0.0,1,0.0,0.0,0,0.247,0.523
12.683,0.2243,0.0,1,0.0,0.0,0,0.247,0.523
12.703,0.2192,0.0,1,0.0,0.0,0,0.247,0.523
12.724,0.2192,0.0,1,0.0,0.0,0,0.247,0.523
12.744,0.2192,0.0,1,0.0,0.0,0,0.247,0.523
12.764,0.2192,0.0,1,0.0,0.0,0,0.247,0.523
12.785,0.2135,0.0,1,0.0,0.0,0,0.247,0.523
12.806,0.2135,0.0,1,0.0,0.0,0,0.247,0.523
12.826,0.2135,0.0,1,0.0,0.0,0,0.247,0.523
12.847,0.2135,0.0,1,0.0,0.0,0,0.247,0.523
12.867,0.2075,0.0,1,0.0,0.0,0,0.247,0.523
12.887,0.2075,0.0,1,0.0,0.0,0,0.247,0.523
12.908,0.2075,0.0,1,0.0,0.0,0,0.247,0.523
12.928,0.2075,0.0,1,0.0,0.0,0,0.247,0.523
12.948,0.2035,0.0,1,0.0,0.0,0,0.247,0.523
12.969,0.2035,0.0,1,0.0,0.0,0,0.247,0.523
12.989,0.2035,0.0,1,0.0,0.0,0,0.247,0.523
13.009,0.2035,0.0,1,0.0,0.0,0,0.247,0.523
13.03,0.1995,0.0,1,0.0,0.0,0,0.247,0.523
13.05,0.1995,0.0,1,0.0,0.0,0,0.219,0.521
13.07,0.1995,0.0,1,0.0,0.0,0,0.219,0.521
13.091,0.1995,0.0,1,0.0,0.0,0,0.219,0.521
13.112,0.1935,0.0,1,0.0,0.0,0,0.219,0.521
13.132,0.1935,0.0,1,0.0,0.0,0,0.219,0.521
13.153,0.1935,0.0,1,0.0,0.0,0,0.219,0.521
13.174,0.1935,0.0,1,0.0,0.0,0,0.219,0.521
13.194,0.1902,0.0,1,0.0,0.0,0,0.219,0.521
13.215,0.1902,0.0,1,0.0,0.0,0,0.219,0.521
13.235,0.1902,0.0,1,0.0,0.0,0,0.219,0.521
13.256,0.1845,0.0,1,0.0,0.0,0,0.219,0.521
13.277,0.1845,0.0,1,0.0,0.0,0,0.219,0.521
13.298,0.1845,0.0,1,0.0,0.0,0,0.219,0.521
13.318,0.1845,0.0,1,0.0,0.0,0,0.219,0.521
13.339,0.1795,0.0,1,0.0,0.0,0,0.219,0.521
13.359,0.1795,0.0,1,0.0,0.0,0,0.219,0.521
13.38,0.1795,0.0,1,0.0,0.0,0,0.219,0.521
13.401,0.1795,0.0,1,0.0,0.0,0,0.219,0.521
13.421,0.1755,0.0,1,0.0,0.0,0,0.219,0.521
13.441,0.1755,0.0,1,0.0,0.0,0,0.219,0.521
13.462,0.1755,0.0,1,0.0,0.0,0,0.219,0.521
13.483,0.1755,0.0,1,0.0,0.0,0,0.219,0.521
13.503,0.1723,0.0,1,0.0,0.0,0,0.219,0.521
13.523,0.1723,0.0,1,0.0,0.0,0,0.219,0.521
13.544,0.1723,0.0,1,0.0,0.0,0,0.219,0.521
13.564,0.1723,0.0,1,0.0,0.0,0,0.194,0.522
13.585,0.1733,0.0,1,0.0,0.0,0,0.194,0.522
13.605,0.1733,0.0,1,0.0,0.0,0,0.194,0.522
13.625,0.1733,0.0,1,0.0,0.0,0,0.194,0.522
13.646,0.1733,0.0,1,0.0,0.0,0,0.194,0.522
13.667,0.1775,0.0,1,0.0,0.0,0,0.194,0.522
13.687,0.1775,0.0,1,0.0,0.0,0,0.194,0.522
13.707,0.1775,0.0,1,0.0,0.0,0,0.194,0.522
13.728,0.1775,0.0,1,0.0,0.0,0,0.194,0.522
13.748,0.1915,0.0,1,0.0,0.0,0,0.194,0.522
13.768,0.1915,0.0,1,0.0,0.0,0,0.194,0.522
13.789,0.1915,0.0,1,0.0,0.0,0,0.194,0.522
13.809,0.2113,0.0,1,0.0,0.0,0,0.194,0.522
13.83,0.2113,0.0,1,0.0,0.0,0,0.194,0.522
13.85,0.2113,0.0,1,0.0,0.0,0,0.194,0.522
13.871,0.2113,0.0,1,0.0,0.0,0,0.194,0.522
13.891,0.2375,0.0,1,0.0,0.0,0,0.194,0.522
13.911,0.2375,0.0,1,0.0,0.0,0,0.194,0.522
13.932,0.2375,0.0,1,0.0,0.0,0,0.194,0.522
13.952,0.2375,0.0,1,0.0,0.0,0,0.194,0.522
13.972,0.2655,0.0,1,0.0,0.0,0,0.194,0.522
13.993,0.2655,0.0,1,0.0,0.0,0,0.194,0.522
14.013,0.2655,0.0,1,0.0,0.0,0,0.194,0.522
14.033,0.2655,0.0,1,0.0,0.0,0,0.194,0.522
14.054,0.2945,0.0,1,0.0,0.0,0,0.308,0.334
14.074,0.2945,0.0,1,0.0,0.0,0,0.308,0.334
14.094,0.2945,0.0,1,0.0,0.0,0,0.308,0.334
14.115,0.2945,0.0,1,0.0,0.0,0,0.308,0.334
14.135,0.322,0.0,1,0.0,0.0,0,0.308,0.334
14.156,0.322,0.0,1,0.0,0.0,0,0.308,0.334
14.176,0.322,0.0,1,0.0,0.0,0,0.308,0.334
14.196,0.322,0.0,1,0.0,0.0,0,0.308,0.334
14.217,0.345,0.0,1,0.0,0.0,0,0.308,0.334
14.237,0.345,0.0,1,0.0,0.0,0,0.308,0.334
14.257,0.345,0.0,1,0.0,0.0,0,0.308,0.334
14.278,0.345,0.0,1,0.0,0.0,0,0.308,0.334
14.298,0.364,0.0,1,0.0,0.0,0,0.308,0.334
14.319,0.364,0.0,1,0.0,0.0,0,0.308,0.334
14.339,0.364,0.0,1,0.0,0.0,0,0.308,0.334
14.36,0.364,0.0,1,0.0,0.0,0,0.308,0.334
14.38,0.379,0.0,1,0.0,0.0,0,0.308,0.334
14.4,0.379,0.0,1,0.0,0.0,0,0.308,0.334
14.421,0.379,0.0,1,0.0,0.0,0,0.308,0.334
14.441,0.392,0.0,1,0.0,0.0,0,0.308,0.334
14.462,0.392,0.0,1,0.0,0.0,0,0.308,0.334
14.482,0.392,0.0,1,0.0,0.0,0,0.308,0.334
14.503,0.392,0.0,1,0.0,0.0,0,0.308,0.334
14.523,0.4,0.0,1,0.0,0.0,0,0.308,0.334
14.544,0.4,0.0,0,0.0,0.0,0,0.308,0.334
14.564,0.4,0.0,0,0.0,0.0,0,0.41,0.451
14.584,0.4,0.0,0,0.0,0.0,0,0.41,0.451
14.605,0.408,0.0,0,0.0,0.0,0,0.41,0.451
14.626,0.408,0.003,0,0.0,0.0,0,0.41,0.451
14.647,0.408,0.003,0,0.0,0.0,0,0.41,0.451
14.667,0.408,0.003,0,0.0,0.0,0,0.41,0.451
14.688,0.415,0.003,0,0.0,0.0,0,0.41,0.451
14.708,0.415,0.0056,0,0.0,0.0,0,0.41,0.451
14.728,0.415,0.0056,0,0.0,0.0,0,0.41,0.451
14.749,0.415,0.0056,0,0.0,0.0,0,0.41,0.451
14.77,0.422,0.0056,0,0.0,0.0,0,0.41,0.451
14.79,0.422,0.0082,0,0.0,0.0,0,0.41,0.451
14.811,0.422,0.0082,0,0.0,0.0,0,0.41,0.451
14.831,0.422,0.0082,0,0.0,0.0,0,0.41,0.451
14.852,0.428,0.0082,0,0.0,0.0,0,0.41,0.451
14.872,0.428,0.0105,0,0.0,0.0,0,0.41,0.451
14.893,0.428,0.0105,0,0.0,0.0,0,0.41,0.451
14.913,0.428,0.0105,0,0.0,0.0,0,0.41,0.451
14.934,0.434,0.0105,0,0.0,0.0,0,0.41,0.451
14.954,0.434,0.0127,0,0.0,0.0,0,0.41,0.451
14.975,0.434,0.0127,0,0.0,0.0,0,0.41,0.451
14.995,0.446,0.0127,0,0.0,0.0,0,0.41,0.451
15.015,0.446,0.0173,0,0.0,0.0,0,0.41,0.451
15.036,0.446,0.0173,0,0.0,0.0,0,0.41,0.451
15.056,0.446,0.0173,0,0.0,0.0,0,0.455,0.503
15.076,0.45,0.0173,0,0.0,0.0,0,0.455,0.503
15.097,0.45,0.0187,0,0.0,0.0,0,0.455,0.503
15.117,0.45,0.0187,0,0.0,0.0,0,0.455,0.503
15.137,0.45,0.0187,0,0.0,0.0,0,0.455,0.503
15.158,0.46,0.0187,0,0.0,0.0,0,0.455,0.503
15.178,0.46,0.0225,0,0.0,0.0,0,0.455,0.503
15.199,0.46,0.0225,0,0.0,0.0,0,0.455,0.503
15.219,0.46,0.0225,0,0.0,0.0,0,0.455,0.503
15.239,0.462,0.0225,0,0.0,0.0,0,0.455,0.503
15.26,0.462,0.0233,0,0.0,0.0,0,0.455,0.503
15.28,0.462,0.0233,0,0.0,0.0,0,0.455,0.503
15.3,0.462,0.0233,0,0.0,0.0,0,0.455,0.503
15.321,0.482,0.0233,0,0.0,0.0,0,0.455,0.503
15.341,0.482,0.0307,0,0.0,0.0,0,0.455,0.503
15.362,0.482,0.0307,0,0.0,0.0,0,0.455,0.503
15.382,0.482,0.0307,0,0.0,0.0,0,0.455,0.503
15.403,0.4925,0.0307,0,0.0,0.0,0,0.455,0.503
15.423,0.4925,0.0347,0,0.0,0.0,0,0.455,0.503
15.443,0.4925,0.0347,0,0.0,0.0,0,0.455,0.503
15.464,0.4925,0.0347,0,0.0,0.0,0,0.455,0.503
15.484,0.4975,0.0347,0,0.0,0.0,0,0.455,0.503
15.505,0.4975,0.0366,0,0.0,0.0,0,0.455,0.503
15.525,0.4975,0.0366,0,0.0,0.0,0,0.455,0.503
15.545,0.4975,0.0366,0,0.0,0.0,0,0.455,0.503
15.566,0.4915,0.0366,0,0.0,0.0,0,0.506,0.529
15.587,0.4915,0.0343,0,0.0,0.0,0,0.506,0.529
15.608,0.4915,0.0343,0,0.0,0.0,0,0.506,0.529
15.628,0.511,0.0343,0,0.0,0.0,0,0.506,0.529
15.649,0.511,0.0416,0,0.0,0.0,0,0.506,0.529
15.669,0.511,0.0416,0,0.0,0.0,0,0.506,0.529
15.69,0.511,0.0416,0,0.0,0.0,0,0.506,0.529
15.71,0.4875,0.0416,0,0.0,0.0,0,0.506,0.529
15.731,0.4875,0.0328,0,0.0,0.0,0,0.506,0.529
15.751,0.4875,0.0328,0,0.0,0.0,0,0.506,0.529
15.772,0.4875,0.0328,0,0.0,0.0,0,0.506,0.529
15.792,0.604,0.0328,0,0.0,0.0,0,0.506,0.529
15.813,0.604,0.0765,0,0.0,0.0,0,0.506,0.529
15.833,0.604,0.0765,0,0.0,0.0,0,0.506,0.529
15.853,0.604,0.0765,0,0.0,0.0,0,0.506,0.529
15.874,0.4955,0.0765,0,0.0,0.0,0,0.506,0.529
15.894,0.4955,0.0358,0,0.0147,0.0521,1,0.506,0.529
15.914,0.4955,0.0358,0,0.0147,0.0521,1,0.506,0.529
15.935,0.4955,0.0358,0,0.0147,0.0521,1,0.506,0.529
15.955,0.4925,0.0358,0,0.0147,0.0521,1,0.506,0.529
15.976,0.4925,0.0347,0,0.0147,0.0521,1,0.506,0.529
15.996,0.4925,0.0347,0,0.0,0.0,0,0.506,0.529
16.016,0.4925,0.0347,0,0.0,0.0,0,0.506,0.529
16.037,0.4915,0.0347,0,0.0,0.0,0,0.506,0.529
16.057,0.4915,0.0343,0,0.0,0.0,0,0.5,0.529
16.078,0.4915,0.0343,0,0.0,0.0,0,0.5,0.529
16.098,0.4915,0.0343,0,0.0,0.0,0,0.5,0.529
16.119,0.4925,0.0343,0,0.0,0.0,0,0.5,0.529
16.139,0.4925,0.0347,0,0.0,0.0,0,0.5,0.529
16.16,0.4925,0.0347,0,0.0,0.0,0,0.5,0.529
16.181,0.4995,0.0347,0,0.0,0.0,0,0.5,0.529
16.201,0.4995,0.0373,0,0.0,0.0,0,0.5,0.529
16.221,0.4995,0.0373,0,0.0,0.0,0,0.5,0.529
16.242,0.4995,0.0373,0,0.0,0.0,0,0.5,0.529
16.262,0.4925,0.0373,0,0.0,0.0,0,0.5,0.529
16.282,0.4925,0.0347,0,0.0,0.0,0,0.5,0.529
16.303,0.4925,0.0347,0,0.0,0.0,0,0.5,0.529
16.323,0.4925,0.0347,0,0.0,0.0,0,0.5,0.529
16.344,0.672,0.0347,0,0.0,0.0,0,0.5,0.529
16.364,0.672,0.102,0,0.0,0.0,0,0.5,0.529
16.385,0.672,0.102,0,0.0,0.0,0,0.5,0.529
16.405,0.672,0.102,0,0.0,0.0,0,0.5,0.529
16.425,0.4915,0.102,0,0.0,0.0,0,0.5,0.529
16.446,0.4915,0.0343,0,0.0,0.0,0,0.5,0.529
16.466,0.4915,0.0343,0,0.0,0.0,0,0.5,0.529
16.486,0.4915,0.0343,0,0.0,0.0,0,0.5,0.529
16.507,0.4915,0.0343,0,0.0442,0.0521,1,0.5,0.529
16.527,0.4915,0.0343,0,0.0442,0.0521,1,0.5,0.529
16.548,0.4915,0.0343,0,0.0442,0.0521,1,0.5,0.529
16.568,0.4915,0.0343,0,0.0442,0.0521,1,0.5,0.529
16.589,0.4915,0.0343,0,0.0442,0.0521,1,0.5,0.529
16.609,0.4915,0.0343,0,0.0,0.0,0,0.5,0.529
16.629,0.4915,0.0343,0,0.0,0.0,0,0.5,0.529
16.65,0.4915,0.0343,0,0.0,0.0,0,0.5,0.529
16.67,0.4925,0.0343,0,0.0,0.0,0,0.5,0.529
16.691,0.4925,0.0347,0,0.0,0.0,0,0.5,0.529
16.711,0.4925,0.0347,0,0.0,0.0,0,0.5,0.529
16.731,0.4925,0.0347,0,0.0,0.0,0,0.5,0.529
16.752,0.6305,0.0347,0,0.0,0.0,0,0.5,0.529
16.772,0.6305,0.0864,0,0.0,0.0,0,0.5,0.529
16.793,0.6305,0.0864,0,0.0,0.0,0,0.5,0.529
16.813,0.4875,0.0864,0,0.0147,0.0521,1,0.5,0.529
16.833,0.4875,0.0328,0,0.0147,0.0521,1,0.5,0.529
16.854,0.4875,0.0328,0,0.0147,0.0521,1,0.5,0.529
16.874,0.4875,0.0328,0,0.0147,0.0521,1,0.5,0.529
16.895,0.616,0.0328,0,0.0147,0.0521,1,0.5,0.529
16.915,0.616,0.081,0,0.0149,0.0526,1,0.5,0.529
16.935,0.616,0.081,0,0.0149,0.0526,1,0.5,0.529
16.956,0.616,0.081,0,0.0149,0.0526,1,0.5,0.529
16.976,0.4915,0.081,0,0.0149,0.0526,1,0.5,0.529
16.997,0.4915,0.0343,0,0.0149,0.0526,1,0.5,0.529
17.017,0.4915,0.0343,0,0.0,0.0,0,0.5,0.529
17.038,0.4915,0.0343,0,0.0,0.0,0,0.5,0.529
17.058,0.4915,0.0343,0,0.0,0.0,0,0.5,0.529
17.078,0.4915,0.0343,0,0.0,0.0,0,0.5,0.529
17.099,0.4915,0.0343,0,0.0,0.0,0,0.5,0.529
17.119,0.4915,0.0343,0,0.0,0.0,0,0.5,0.529
17.14,0.4925,0.0343,0,0.0,0.0,0,0.5,0.529
17.16,0.4925,0.0347,0,0.0,0.0,0,0.5,0.529
17.18,0.4925,0.0347,0,0.0,0.0,0,0.5,0.529
17.201,0.4925,0.0347,0,0.0,0.0,0,0.5,0.529
17.221,0.4925,0.0347,0,0.0,0.0,0,0.5,0.529
17.241,0.4925,0.0347,0,0.0,0.0,0,0.5,0.529
17.262,0.4925,0.0347,0,0.0,0.0,0,0.5,0.529
17.282,0.4925,0.0347,0,0.0,0.0,0,0.5,0.529
17.302,0.6133,0.0347,0,0.0,0.0,0,0.5,0.529
17.323,0.6133,0.08,0,0.0,0.0,0,0.5,0.529
17.343,0.6133,0.08,0,0.0,0.0,0,0.5,0.529
17.364,0.6133,0.08,0,0.0,0.0,0,0.5,0.529
17.384,0.4905,0.08,0,0.0,0.0,0,0.5,0.529
17.405,0.4905,0.0339,0,0.0,0.0,0,0.5,0.529
17.425,0.4905,0.0339,0,0.0,0.0,0,0.5,0.529
17.447,0.5945,0.0339,0,0.0,0.0,0,0.5,0.529
17.468,0.5945,0.0729,0,0.0,0.0,0,0.5,0.529
17.488,0.5945,0.0729,0,0.0,0.0,0,0.5,0.529
17.508,0.5945,0.0729,0,0.0,0.0,0,0.5,0.529
17.529,0.4915,0.0729,0,0.0,0.0,0,0.5,0.529
17.55,0.4915,0.0343,0,0.0,0.0,0,0.5,0.53
17.57,0.4915,0.0343,0,0.0,0.0,0,0.5,0.53
17.59,0.4915,0.0343,0,0.0,0.0,0,0.5,0.53
17.611,0.4925,0.0343,0,0.0,0.0,0,0.5,0.53
17.632,0.4925,0.0347,0,0.0,0.0,0,0.5,0.53
17.652,0.4925,0.0347,0,0.0,0.0,0,0.5,0.53
17.673,0.4925,0.0347,0,0.0,0.0,0,0.5,0.53
17.693,0.4905,0.0347,0,0.0,0.0,0,0.5,0.53
17.714,0.4905,0.0339,0,0.0,0.0,0,0.5,0.53
17.734,0.4905,0.0339,0,0.0,0.0,0,0.5,0.53
17.754,0.4905,0.0339,0,0.0,0.0,0,0.5,0.53
17.775,0.4935,0.0339,0,0.0,0.0,0,0.5,0.53
17.795,0.4935,0.0351,0,0.0,0.0,0,0.5,0.53
17.816,0.4935,0.0351,0,0.0,0.0,0,0.5,0.53
17.836,0.4935,0.0351,0,0.0,0.0,0,0.5,0.53
17.857,0.4925,0.0351,0,0.0,0.0,0,0.5,0.53
17.877,0.4925,0.0347,0,0.0,0.0,0,0.5,0.53
17.898,0.4925,0.0347,0,0.0,0.0,0,0.5,0.53
17.918,0.4925,0.0347,0,0.0,0.0,0,0.5,0.53
17.939,0.4915,0.0347,0,0.0,0.0,0,0.5,0.53
17.959,0.4915,0.0343,0,0.0,0.0,0,0.5,0.53
17.98,0.4915,0.0343,0,0.0,0.0,0,0.5,0.53
18.0,0.8345,0.0343,0,0.0,0.0,0,0.5,0.53
18.02,0.8345,0.15,0,0.0,0.0,0,0.5,0.53
18.041,0.8345,0.15,0,0.0,0.0,0,0.5,0.53
18.061,0.8345,0.15,0,0.0,0.0,0,0.839,0.529
18.082,0.4915,0.15,0,0.0,0.0,0,0.839,0.529
18.102,0.4915,0.0343,0,0.0,0.0,0,0.839,0.529
18.123,0.4915,0.0343,0,0.0743,0.0525,1,0.839,0.529
18.144,0.4915,0.0343,0,0.0743,0.0525,1,0.839,0.529
18.164,0.4905,0.0343,0,0.0743,0.0525,1,0.839,0.529
18.185,0.4905,0.0339,0,0.0743,0.0525,1,0.839,0.529
18.205,0.4905,0.0339,0,0.0743,0.0525,1,0.839,0.529
18.226,0.4905,0.0339,0,0.115,0.2602,1,0.839,0.529
18.246,0.4865,0.0339,0,0.115,0.2602,1,0.839,0.529
18.267,0.4865,0.0324,0,0.115,0.2602,1,0.839,0.529
18.287,0.4865,0.0324,0,0.115,0.2602,1,0.839,0.529
18.308,0.4865,0.0324,0,0.115,0.2602,1,0.839,0.529
18.328,0.4925,0.0324,0,0.0206,0.1031,1,0.839,0.529
18.349,0.4925,0.0347,0,0.0206,0.1031,1,0.839,0.529
18.37,0.4925,0.0347,0,0.0206,0.1031,1,0.839,0.529
18.39,0.4925,0.0347,0,0.0206,0.1031,1,0.839,0.529
18.411,0.4915,0.0347,0,0.0206,0.1031,1,0.839,0.529
18.431,0.4915,0.0343,0,0.0,0.0,0,0.839,0.529
18.451,0.4915,0.0343,0,0.0,0.0,0,0.839,0.529
18.472,0.4915,0.0343,0,0.0,0.0,0,0.839,0.529
18.492,0.4925,0.0343,0,0.0,0.0,0,0.839,0.529
18.513,0.4925,0.0347,0,0.0,0.0,0,0.839,0.529
18.533,0.4925,0.0347,0,0.0,0.0,0,0.839,0.529
18.554,0.7315,0.0347,0,0.0,0.0,0,0.501,0.528
18.574,0.7315,0.1243,0,0.0,0.0,0,0.501,0.528
18.594,0.7315,0.1243,0,0.0,0.0,0,0.501,0.528
18.615,0.7315,0.1243,0,0.0,0.0,0,0.501,0.528
18.635,0.4985,0.1243,0,0.0208,0.0,1,0.501,0.528
18.656,0.4985,0.0369,0,0.0208,0.0,1,0.501,0.528
18.676,0.4985,0.0369,0,0.0208,0.0,1,0.501,0.528
18.697,0.4985,0.0369,0,0.0208,0.0,1,0.501,0.528
18.717,0.8635,0.0369,0,0.0208,0.0,1,0.501,0.528
18.737,0.8635,0.15,0,0.0631,0.1052,1,0.501,0.528
18.758,0.8635,0.15,0,0.0631,0.1052,1,0.501,0.528
18.778,0.8635,0.15,0,0.0631,0.1052,1,0.501,0.528
18.799,0.4915,0.15,0,0.0631,0.1052,1,0.501,0.528
18.82,0.4915,0.0343,0,0.0631,0.1052,1,0.501,0.528
18.84,0.4915,0.0343,0,0.0625,0.2084,1,0.501,0.528
18.86,0.4915,0.0343,0,0.0625,0.2084,1,0.501,0.528
18.881,1.002,0.0343,0,0.0625,0.2084,1,0.501,0.528
18.901,1.002,0.15,0,0.0625,0.2084,1,0.501,0.528
18.922,1.002,0.15,0,0.0625,0.2084,1,0.501,0.528
18.942,1.002,0.15,0,0.0737,0.2606,1,0.501,0.528
18.962,0.4915,0.15,0,0.0737,0.2606,1,0.501,0.528
18.983,0.4915,0.0343,0,0.0737,0.2606,1,0.501,0.528
19.003,0.4915,0.0343,0,0.0737,0.2606,1,0.501,0.528
19.023,0.4915,0.0343,0,0.0737,0.2606,1,0.501,0.528
19.044,0.4915,0.0343,0,0.0834,0.2085,1,0.501,0.528
19.064,0.4915,0.0343,0,0.0834,0.2085,1,0.5,0.529
19.085,0.4915,0.0343,0,0.0834,0.2085,1,0.5,0.529
19.105,0.4915,0.0343,0,0.0834,0.2085,1,0.5,0.529
19.125,0.4925,0.0343,0,0.0834,0.2085,1,0.5,0.529
19.146,0.4925,0.0347,0,0.2611,0.8335,1,0.5,0.529
19.166,0.4925,0.0347,0,0.2611,0.8335,1,0.5,0.529
19.186,0.4895,0.0347,0,0.2611,0.8335,1,0.5,0.529
19.207,0.4895,0.0336,0,0.2611,0.8335,1,0.5,0.529
19.227,0.4895,0.0336,0,0.2611,0.8335,1,0.5,0.529
19.248,0.4895,0.0336,0,0.0298,0.1054,1,0.5,0.529
19.268,0.4965,0.0336,0,0.0298,0.1054,1,0.5,0.529
19.289,0.4965,0.0362,0,0.0298,0.1054,1,0.5,0.529
19.309,0.4965,0.0362,0,0.0298,0.1054,1,0.5,0.529
19.329,0.4965,0.0362,0,0.0,0.0,0,0.5,0.529
19.35,0.4925,0.0362,0,0.0,0.0,0,0.5,0.529
19.37,0.4925,0.0347,0,0.0,0.0,0,0.5,0.529
19.391,0.4925,0.0347,0,0.0,0.0,0,0.5,0.529
19.411,0.4925,0.0347,0,0.0,0.0,0,0.5,0.529
19.432,0.8035,0.0347,0,0.0,0.0,0,0.5,0.529
19.453,0.8035,0.15,0,0.0,0.0,0,0.5,0.529
19.473,0.8035,0.15,0,0.0,0.0,0,0.5,0.529
19.493,0.8035,0.15,0,0.0,0.0,0,0.5,0.529
19.514,0.4885,0.15,0,0.0,0.0,0,0.5,0.529
19.534,0.4885,0.0332,0,0.0331,0.0524,1,0.5,0.529
19.554,0.4885,0.0332,0,0.0331,0.0524,1,0.497,0.529
19.575,0.4885,0.0332,0,0.0331,0.0524,1,0.497,0.529
19.595,0.4885,0.0332,0,0.0331,0.0524,1,0.497,0.529
19.616,0.4885,0.0332,0,0.0331,0.0524,1,0.497,0.529
19.636,0.4885,0.0332,0,0.1252,0.1044,1,0.497,0.529
19.656,0.4885,0.0332,0,0.1252,0.1044,1,0.497,0.529
19.677,0.4945,0.0332,0,0.1252,0.1044,1,0.497,0.529
19.697,0.4945,0.0354,0,0.1252,0.1044,1,0.497,0.529
19.717,0.4945,0.0354,0,0.1252,0.1044,1,0.497,0.529
19.739,0.4925,0.0354,0,0.0661,0.1045,1,0.497,0.529
19.76,0.4925,0.0347,0,0.0661,0.1045,1,0.497,0.529
19.78,0.4925,0.0347,0,0.0661,0.1045,1,0.497,0.529
19.8,0.4925,0.0347,0,0.0661,0.1045,1,0.497,0.529
19.821,0.4915,0.0347,0,0.0661,0.1045,1,0.497,0.529
19.841,0.4915,0.0343,0,0.0,0.0,0,0.497,0.529
19.862,0.4915,0.0343,0,0.0,0.0,0,0.497,0.529
19.882,0.4915,0.0343,0,0.0,0.0,0,0.497,0.529
19.902,0.4915,0.0343,0,0.0,0.0,0,0.497,0.529
19.923,0.4915,0.0343,0,0.0,0.0,0,0.497,0.529
19.943,0.4915,0.0343,0,0.0,0.0,0,0.497,0.529
19.963,0.4915,0.0343,0,0.0,0.0,0,0.497,0.529
19.984,0.8015,0.0343,0,0.0,0.0,0,0.497,0.529
20.004,0.8015,0.15,0,0.0,0.0,0,0.497,0.529
20.024,0.8015,0.15,0,0.0,0.0,0,0.497,0.529
20.045,0.8015,0.15,0,0.0,0.0,0,0.497,0.529
20.065,0.4885,0.15,0,0.0,0.0,0,0.807,0.529
20.086,0.4885,0.0332,0,0.0,0.0,0,0.807,0.529
20.106,0.4885,0.0332,0,0.0,0.0,0,0.807,0.529
20.126,0.4885,0.0332,0,0.0,0.0,0,0.807,0.529
20.147,1.003,0.0332,0,0.0956,0.1583,1,0.807,0.529
20.167,1.003,0.15,0,0.0956,0.1583,1,0.807,0.529
20.188,1.003,0.15,0,0.0956,0.1583,1,0.807,0.529
20.208,1.003,0.15,0,0.0956,0.1583,1,0.807,0.529
20.228,0.4925,0.15,0,0.0956,0.1583,1,0.807,0.529
20.249,0.4925,0.0347,0,0.115,0.1562,1,0.807,0.529
20.269,0.4925,0.0347,0,0.115,0.1562,1,0.807,0.529
20.29,0.4925,0.0347,0,0.115,0.1562,1,0.807,0.529
20.31,0.4925,0.0347,0,0.115,0.1562,1,0.807,0.529
20.331,0.4925,0.0347,0,0.115,0.1562,1,0.807,0.529
20.351,0.4925,0.0347,0,0.168,0.3125,1,0.807,0.529
20.372,0.4915,0.0347,0,0.168,0.3125,1,0.807,0.529
20.392,0.4915,0.0343,0,0.168,0.3125,1,0.807,0.529
20.413,0.4915,0.0343,0,0.168,0.3125,1,0.807,0.529
20.433,0.4915,0.0343,0,0.168,0.3125,1,0.807,0.529
20.454,0.4915,0.0343,0,0.0868,0.1053,1,0.807,0.529
20.475,0.4915,0.0343,0,0.0868,0.1053,1,0.807,0.529
20.495,0.4915,0.0343,0,0.0868,0.1053,1,0.807,0.529
20.516,0.4915,0.0343,0,0.0868,0.1053,1,0.807,0.529
20.536,0.999,0.0343,0,0.0868,0.1053,1,0.807,0.529
20.557,0.999,0.15,0,0.0148,0.0522,1,1.003,0.529
20.577,0.999,0.15,0,0.0148,0.0522,1,1.003,0.529
20.598,0.999,0.15,0,0.0148,0.0522,1,1.003,0.529
20.619,0.4915,0.15,0,0.0148,0.0522,1,1.003,0.529
20.639,0.4915,0.0343,0,0.0148,0.0522,1,1.003,0.529
20.66,0.4915,0.0343,0,0.0525,0.1545,1,1.003,0.529
20.68,0.4915,0.0343,0,0.0525,0.1545,1,1.003,0.529
20.701,0.4915,0.0343,0,0.0525,0.1545,1,1.003,0.529
20.721,0.4915,0.0343,0,0.0525,0.1545,1,1.003,0.529
20.742,0.4915,0.0343,0,0.0525,0.1545,1,1.003,0.529
20.762,0.4915,0.0343,0,0.1274,0.1061,1,1.003,0.529
20.782,0.4925,0.0343,0,0.1274,0.1061,1,1.003,0.529
20.803,0.4925,0.0347,0,0.1274,0.1061,1,1.003,0.529
20.823,0.4925,0.0347,0,0.1274,0.1061,1,1.003,0.529
20.844,0.4925,0.0347,0,0.1274,0.1061,1,1.003,0.529
20.865,0.4925,0.0347,0,0.033,0.0521,1,1.003,0.529
20.886,0.4925,0.0347,0,0.033,0.0521,1,1.003,0.529
20.906,0.4925,0.0347,0,0.033,0.0521,1,1.003,0.529
20.927,1.0,0.0347,0,0.033,0.0521,1,1.003,0.529
20.949,1.0,0.15,0,0.0,0.0,0,1.003,0.529
20.969,1.0,0.15,0,0.0,0.0,0,1.003,0.529
20.99,1.0,0.15,0,0.0,0.0,0,1.003,0.529
21.01,0.4935,0.15,0,0.0,0.0,0,1.003,0.529
21.03,0.4935,0.0351,0,0.0,0.0,0,1.003,0.529
21.051,0.4935,0.0351,0,0.042,0.1051,1,0.502,0.528
21.071,0.4935,0.0351,0,0.042,0.1051,1,0.502,0.528
21.092,0.8565,0.0351,0,0.042,0.1051,1,0.502,0.528
21.112,0.8565,0.15,0,0.042,0.1051,1,0.502,0.528
21.132,0.8565,0.15,0,0.042,0.1051,1,0.502,0.528
21.153,0.8565,0.15,0,0.0531,0.0521,1,0.502,0.528
21.173,0.4915,0.15,0,0.0531,0.0521,1,0.502,0.528
21.194,0.4915,0.0343,0,0.0531,0.0521,1,0.502,0.528
21.214,0.4915,0.0343,0,0.0531,0.0521,1,0.502,0.528
21.235,0.4915,0.0343,0,0.0531,0.0521,1,0.502,0.528
21.255,0.997,0.0343,0,0.1035,0.2071,1,0.502,0.528
21.276,0.997,0.15,0,0.1035,0.2071,1,0.502,0.528
21.296,0.997,0.15,0,0.1035,0.2071,1,0.502,0.528
21.317,0.997,0.15,0,0.1035,0.2071,1,0.502,0.528
21.337,0.4915,0.15,0,0.1035,0.2071,1,0.502,0.528
21.357,0.4915,0.0343,0,0.1697,0.1061,1,0.502,0.528
21.378,0.4915,0.0343,0,0.1697,0.1061,1,0.502,0.528
21.399,0.4925,0.0343,0,0.1697,0.1061,1,0.502,0.528
21.419,0.4925,0.0347,0,0.1697,0.1061,1,0.502,0.528
21.439,0.4925,0.0347,0,0.1697,0.1061,1,0.502,0.528
21.46,0.4925,0.0347,0,0.2085,0.2085,1,0.502,0.528
21.48,0.4895,0.0347,0,0.2085,0.2085,1,0.502,0.528
21.501,0.4895,0.0336,0,0.2085,0.2085,1,0.502,0.528
21.521,0.4895,0.0336,0,0.2085,0.2085,1,0.502,0.528
21.541,0.4895,0.0336,0,0.2085,0.2085,1,0.502,0.528
21.562,0.4925,0.0336,0,0.0943,0.2605,1,0.498,0.529
21.582,0.4925,0.0347,0,0.0943,0.2605,1,0.498,0.529
21.603,0.4925,0.0347,0,0.0943,0.2605,1,0.498,0.529
21.623,0.4925,0.0347,0,0.0943,0.2605,1,0.498,0.529
21.643,0.4925,0.0347,0,0.0943,0.2605,1,0.498,0.529
21.664,0.4925,0.0347,0,0.0149,0.0527,1,0.498,0.529
21.684,0.4925,0.0347,0,0.0149,0.0527,1,0.498,0.529
21.704,0.4925,0.0347,0,0.0149,0.0527,1,0.498,0.529
21.725,0.4865,0.0347,0,0.0149,0.0527,1,0.498,0.529
21.745,0.4865,0.0324,0,0.0149,0.0527,1,0.498,0.529
21.765,0.4865,0.0324,0,0.0,0.0,0,0.498,0.529
21.786,0.4865,0.0324,0,0.0,0.0,0,0.498,0.529
21.806,0.4915,0.0324,0,0.0,0.0,0,0.498,0.529
21.827,0.4915,0.0343,0,0.0,0.0,0,0.498,0.529
21.847,0.4915,0.0343,0,0.0,0.0,0,0.498,0.529
21.868,0.4915,0.0343,0,0.0,0.0,0,0.498,0.529
21.888,0.4925,0.0343,0,0.0,0.0,0,0.498,0.529
21.909,0.4925,0.0347,0,0.0,0.0,0,0.498,0.529
21.929,0.4925,0.0347,0,0.0,0.0,0,0.498,0.529
21.949,0.4925,0.0347,0,0.0,0.0,0,0.498,0.529
21.97,0.4965,0.0347,0,0.0,0.0,0,0.498,0.529
21.99,0.4965,0.0362,0,0.0,0.0,0,0.498,0.529
22.011,0.4965,0.0362,0,0.0,0.0,0,0.498,0.529
22.031,0.4915,0.0362,0,0.0,0.0,0,0.498,0.529
22.051,0.4915,0.0343,0,0.0,0.0,0,0.5,0.529
22.072,0.4915,0.0343,0,0.0,0.0,0,0.5,0.529
22.092,0.4915,0.0343,0,0.0,0.0,0,0.5,0.529
22.113,0.7775,0.0343,0,0.0,0.0,0,0.5,0.529
22.133,0.7775,0.1416,0,0.0,0.0,0,0.5,0.529
22.153,0.7775,0.1416,0,0.0,0.0,0,0.5,0.529
22.174,0.7775,0.1416,0,0.0,0.0,0,0.5,0.529
22.195,0.4905,0.1416,0,0.0,0.0,0,0.5,0.529
22.215,0.4905,0.0339,0,0.0,0.0,0,0.5,0.529
22.236,0.4905,0.0339,0,0.0,0.0,0,0.5,0.529
22.257,0.4905,0.0339,0,0.0,0.0,0,0.5,0.529
22.277,0.4885,0.0339,0,0.0531,0.0521,1,0.5,0.529
22.298,0.4885,0.0332,0,0.0531,0.0521,1,0.5,0.529
22.319,0.4885,0.0332,0,0.0531,0.0521,1,0.5,0.529
22.339,0.4885,0.0332,0,0.0531,0.0521,1,0.5,0.529
22.359,0.4965,0.0332,0,0.0531,0.0521,1,0.5,0.529
22.38,0.4965,0.0362,0,0.0147,0.052,1,0.5,0.529
22.401,0.4965,0.0362,0,0.0147,0.052,1,0.5,0.529
22.421,0.4965,0.0362,0,0.0147,0.052,1,0.5,0.529
22.441,0.4925,0.0362,0,0.0147,0.052,1,0.5,0.529
22.463,0.4925,0.0347,0,0.0,0.0,0,0.5,0.529
22.483,0.4925,0.0347,0,0.0,0.0,0,0.5,0.529
22.504,0.4925,0.0347,0,0.0,0.0,0,0.5,0.529
22.525,0.4915,0.0347,0,0.0,0.0,0,0.5,0.529
22.545,0.4915,0.0343,0,0.0,0.0,0,0.5,0.529
22.566,0.4915,0.0343,0,0.0,0.0,0,0.5,0.529
22.586,0.4915,0.0343,0,0.0,0.0,0,0.5,0.529
22.607,0.4915,0.0343,0,0.0,0.0,0,0.5,0.529
22.627,0.4915,0.0343,0,0.0,0.0,0,0.5,0.529
22.648,0.4915,0.0343,0,0.0,0.0,0,0.5,0.529
22.668,0.8225,0.0343,0,0.0,0.0,0,0.5,0.529
22.689,0.8225,0.15,0,0.0,0.0,0,0.5,0.529
22.709,0.8225,0.15,0,0.0,0.0,0,0.5,0.529
22.73,0.8225,0.15,0,0.0,0.0,0,0.5,0.529
22.75,0.4915,0.15,0,0.0,0.0,0,0.5,0.529
22.771,0.4915,0.0343,0,0.0149,0.0527,1,0.5,0.529
22.791,0.4915,0.0343,0,0.0149,0.0527,1,0.5,0.529
22.811,0.4915,0.0343,0,0.0149,0.0527,1,0.5,0.529
22.832,0.4905,0.0343,0,0.0149,0.0527,1,0.5,0.529
22.852,0.4905,0.0339,0,0.0149,0.0527,1,0.5,0.529
22.873,0.4905,0.0339,0,0.0408,0.1019,1,0.5,0.529
22.893,0.4905,0.0339,0,0.0408,0.1019,1,0.5,0.529
22.913,0.4865,0.0339,0,0.0408,0.1019,1,0.5,0.529
22.934,0.4865,0.0324,0,0.0408,0.1019,1,0.5,0.529
22.954,0.4865,0.0324,0,0.0408,0.1019,1,0.5,0.529
22.975,0.4865,0.0324,0,0.0,0.0,0,0.5,0.529
22.995,0.4925,0.0324,0,0.0,0.0,0,0.5,0.529
23.015,0.4925,0.0347,0,0.0,0.0,0,0.5,0.529
23.036,0.4925,0.0347,0,0.0,0.0,0,0.5,0.529
23.056,0.4925,0.0347,0,0.0,0.0,0,0.501,0.528
23.076,0.4915,0.0347,0,0.0,0.0,0,0.501,0.528
23.097,0.4915,0.0343,0,0.0,0.0,0,0.501,0.528
23.117,0.4915,0.0343,0,0.0,0.0,0,0.501,0.528
23.138,0.4925,0.0343,0,0.0,0.0,0,0.501,0.528
23.158,0.4925,0.0347,0,0.0,0.0,0,0.501,0.528
23.179,0.4925,0.0347,0,0.0,0.0,0,0.501,0.528
23.199,0.4925,0.0347,0,0.0,0.0,0,0.501,0.528
23.219,0.7535,0.0347,0,0.0,0.0,0,0.501,0.528
23.24,0.7535,0.1326,0,0.0,0.0,0,0.501,0.528
23.26,0.7535,0.1326,0,0.0,0.0,0,0.501,0.528
23.281,0.7535,0.1326,0,0.0,0.0,0,0.501,0.528
23.301,0.4905,0.1326,0,0.0,0.0,0,0.501,0.528
23.322,0.4905,0.0339,0,0.0,0.0,0,0.501,0.528
23.342,0.4905,0.0339,0,0.0,0.0,0,0.501,0.528
23.362,0.4905,0.0339,0,0.0,0.0,0,0.501,0.528
23.383,0.4915,0.0339,0,0.0333,0.0526,1,0.501,0.528
23.403,0.4915,0.0343,0,0.0333,0.0526,1,0.501,0.528
23.424,0.4915,0.0343,0,0.0333,0.0526,1,0.501,0.528
23.444,0.4915,0.0343,0,0.0333,0.0526,1,0.501,0.528
23.464,0.4895,0.0343,0,0.0333,0.0526,1,0.501,0.528
23.485,0.4895,0.0336,0,0.0208,0.0,1,0.501,0.528
23.505,0.4895,0.0336,0,0.0208,0.0,1,0.501,0.528
23.526,0.4895,0.0336,0,0.0208,0.0,1,0.501,0.528
23.546,0.4935,0.0336,0,0.0208,0.0,1,0.501,0.528
23.567,0.4935,0.0351,0,0.0208,0.0,1,0.502,0.529
23.587,0.4935,0.0351,0,0.0,0.0,0,0.502,0.529
23.607,0.4935,0.0351,0,0.0,0.0,0,0.502,0.529
23.628,0.4915,0.0351,0,0.0,0.0,0,0.502,0.529
23.649,0.4915,0.0343,0,0.0,0.0,0,0.502,0.529
23.669,0.4915,0.0343,0,0.0,0.0,0,0.502,0.529
23.69,0.4915,0.0343,0,0.0,0.0,0,0.502,0.529
23.71,0.4915,0.0343,0,0.0,0.0,0,0.502,0.529
23.73,0.4915,0.0343,0,0.0,0.0,0,0.502,0.529
23.751,0.4915,0.0343,0,0.0,0.0,0,0.502,0.529
23.771,0.7945,0.0343,0,0.0,0.0,0,0.502,0.529
23.792,0.7945,0.1479,0,0.0,0.0,0,0.502,0.529
23.812,0.7945,0.1479,0,0.0,0.0,0,0.502,0.529
23.832,0.7945,0.1479,0,0.0,0.0,0,0.502,0.529
23.853,0.4905,0.1479,0,0.0,0.0,0,0.502,0.529
23.873,0.4905,0.0339,0,0.0,0.0,0,0.502,0.529
23.893,0.4905,0.0339,0,0.0329,0.0521,1,0.502,0.529
23.914,0.4905,0.0339,0,0.0329,0.0521,1,0.502,0.529
23.934,0.4885,0.0339,0,0.0329,0.0521,1,0.502,0.529
23.955,0.4885,0.0332,0,0.0329,0.0521,1,0.502,0.529
23.975,0.4885,0.0332,0,0.0329,0.0521,1,0.502,0.529
23.995,0.4885,0.0332,0,0.0537,0.1579,1,0.502,0.529
24.015,0.4935,0.0332,0,0.0537,0.1579,1,0.502,0.529
24.036,0.4935,0.0351,0,0.0537,0.1579,1,0.502,0.529
24.056,0.4935,0.0351,0,0.0537,0.1579,1,0.502,0.53
24.077,0.4935,0.0351,0,0.0537,0.1579,1,0.502,0.53
24.097,0.4915,0.0351,0,0.0,0.0,0,0.502,0.53
24.117,0.4915,0.0343,0,0.0,0.0,0,0.502,0.53
24.138,0.4915,0.0343,0,0.0,0.0,0,0.502,0.53
24.158,0.4915,0.0343,0,0.0,0.0,0,0.502,0.53
24.178,0.4925,0.0343,0,0.0,0.0,0,0.502,0.53
24.199,0.4925,0.0347,0,0.0,0.0,0,0.502,0.53
24.219,0.4925,0.0347,0,0.0,0.0,0,0.502,0.53
24.239,0.4925,0.0347,0,0.0,0.0,0,0.502,0.53
24.26,0.4925,0.0347,0,0.0,0.0,0,0.502,0.53
24.28,0.4925,0.0347,0,0.0,0.0,0,0.502,0.53
24.3,0.4925,0.0347,0,1.3112,4.6359,1,0.502,0.53
24.321,0.4925,0.0347,0,1.3112,4.6359,1,0.502,0.53
24.341,0.7245,0.0347,0,1.3112,4.6359,1,0.502,0.53
24.361,0.7245,0.1217,0,1.3112,4.6359,1,0.502,0.53
24.382,0.7245,0.1217,0,1.3112,4.6359,1,0.502,0.53
24.403,0.4885,0.1217,0,0.0,0.0,0,0.502,0.53
24.423,0.4885,0.0332,0,0.0,0.0,0,0.502,0.53
24.444,0.4885,0.0332,0,0.0,0.0,0,0.502,0.53
24.464,0.4885,0.0332,0,0.0,0.0,0,0.502,0.53
24.484,0.4865,0.0332,0,0.0,0.0,0,0.502,0.53
24.505,0.4865,0.0324,0,0.0531,0.1562,1,0.502,0.53
24.525,0.4865,0.0324,0,0.0531,0.1562,1,0.502,0.53
24.545,0.4865,0.0324,0,0.0531,0.1562,1,0.502,0.53
24.566,0.4865,0.0324,0,0.0531,0.1562,1,0.495,0.529
24.587,0.4865,0.0324,0,0.0149,0.0527,1,0.495,0.529
24.607,0.4865,0.0324,0,0.0149,0.0527,1,0.495,0.529
24.628,0.4865,0.0324,0,0.0149,0.0527,1,0.495,0.529
24.648,0.4925,0.0324,0,0.0149,0.0527,1,0.495,0.529
24.669,0.4925,0.0347,0,0.0149,0.0527,1,0.495,0.529
24.689,0.4925,0.0347,0,0.0,0.0,0,0.495,0.529
24.709,0.4925,0.0347,0,0.0,0.0,0,0.495,0.529
24.73,0.4915,0.0347,0,0.0,0.0,0,0.495,0.529
24.75,0.4915,0.0343,0,0.0,0.0,0,0.495,0.529
24.771,0.4915,0.0343,0,0.0,0.0,0,0.495,0.529
24.791,0.4915,0.0343,0,0.0,0.0,0,0.495,0.529
24.811,0.4925,0.0343,0,0.0,0.0,0,0.495,0.529
24.832,0.4925,0.0347,0,0.0,0.0,0,0.495,0.529
24.852,0.4925,0.0347,0,0.0,0.0,0,0.495,0.529
24.873,0.4925,0.0347,0,0.0,0.0,0,0.495,0.529
24.893,0.998,0.0347,0,0.0,0.0,0,0.495,0.529
24.913,0.998,0.15,0,0.0,0.0,0,0.495,0.529
24.934,0.998,0.15,0,0.0,0.0,0,0.495,0.529
24.954,0.998,0.15,0,0.0,0.0,0,0.495,0.529
24.975,0.4865,0.15,0,0.0,0.0,0,0.495,0.529
24.995,0.4865,0.0324,0,0.0329,0.052,1,0.495,0.529
25.015,0.4865,0.0324,0,0.0329,0.052,1,0.495,0.529
25.036,0.8635,0.0324,0,0.0329,0.052,1,0.495,0.529
25.056,0.8635,0.15,0,0.0329,0.052,1,0.868,0.529
25.077,0.8635,0.15,0,0.0329,0.052,1,0.868,0.529
25.097,0.8635,0.15,0,0.1374,0.1581,1,0.868,0.529
25.117,0.4925,0.15,0,0.1374,0.1581,1,0.868,0.529
25.138,0.4925,0.0347,0,0.1374,0.1581,1,0.868,0.529
25.158,0.4925,0.0347,0,0.1374,0.1581,1,0.868,0.529
25.179,0.4925,0.0347,0,0.1374,0.1581,1,0.868,0.529
25.199,0.4865,0.0347,0,0.1983,0.2605,1,0.868,0.529
25.219,0.4865,0.0324,0,0.1983,0.2605,1,0.868,0.529
25.24,0.4865,0.0324,0,0.1983,0.2605,1,0.868,0.529
25.26,0.4865,0.0324,0,0.1983,0.2605,1,0.868,0.529
25.281,0.4915,0.0324,0,0.1983,0.2605,1,0.868,0.529
25.301,0.4915,0.0343,0,0.1774,0.2605,1,0.868,0.529
25.322,0.4915,0.0343,0,0.1774,0.2605,1,0.868,0.529
25.342,0.4915,0.0343,0,0.1774,0.2605,1,0.868,0.529
25.363,0.4925,0.0343,0,0.1774,0.2605,1,0.868,0.529
25.383,0.4925,0.0347,0,0.1774,0.2605,1,0.868,0.529
25.403,0.4925,0.0347,0,0.0422,0.2108,1,0.868,0.529
25.424,0.4925,0.0347,0,0.0422,0.2108,1,0.868,0.529
25.444,0.4895,0.0347,0,0.0422,0.2108,1,0.868,0.529
25.465,0.4895,0.0336,0,0.0422,0.2108,1,0.868,0.529
25.485,0.4895,0.0336,0,0.0422,0.2108,1,0.868,0.529
25.505,0.4895,0.0336,0,0.0,0.0,0,0.868,0.529
25.526,0.4925,0.0336,0,0.0,0.0,0,0.868,0.529
25.546,0.4925,0.0347,0,0.0,0.0,0,0.868,0.529
25.567,0.4925,0.0347,0,0.0,0.0,0,0.501,0.529
25.587,0.4925,0.0347,0,0.0,0.0,0,0.501,0.529
25.608,0.4925,0.0347,0,0.0,0.0,0,0.501,0.529
25.628,0.4925,0.0347,0,0.0,0.0,0,0.501,0.529
25.649,0.4925,0.0347,0,0.0,0.0,0,0.501,0.529
25.669,0.4915,0.0347,0,0.0,0.0,0,0.501,0.529
25.689,0.4915,0.0343,0,0.0,0.0,0,0.501,0.529
25.71,0.4915,0.0343,0,0.0,0.0,0,0.501,0.529
25.73,0.4915,0.0343,0,0.0,0.0,0,0.501,0.529
25.751,1.0,0.0343,0,0.0,0.0,0,0.501,0.529
25.771,1.0,0.15,0,0.0,0.0,0,0.501,0.529
25.792,1.0,0.15,0,0.0,0.0,0,0.501,0.529
25.812,1.0,0.15,0,0.0,0.0,0,0.501,0.529
25.832,0.4935,0.15,0,0.0,0.0,0,0.501,0.529
25.853,0.4935,0.0351,0,0.0,0.0,0,0.501,0.529
25.873,0.4935,0.0351,0,0.0,0.0,0,0.501,0.529
25.894,0.4935,0.0351,0,0.0,0.0,0,0.501,0.529
25.914,0.8575,0.0351,0,0.1062,0.1041,1,0.501,0.529
25.934,0.8575,0.15,0,0.1062,0.1041,1,0.501,0.529
25.955,0.8575,0.15,0,0.1062,0.1041,1,0.501,0.529
25.975,0.8575,0.15,0,0.1062,0.1041,1,0.501,0.529
25.996,0.4925,0.15,0,0.1062,0.1041,1,0.501,0.529
26.016,0.4925,0.0347,0,0.0744,0.1579,1,0.501,0.529
26.037,0.4925,0.0347,0,0.0744,0.1579,1,0.501,0.529
26.057,0.4925,0.0347,0,0.0744,0.1579,1,0.501,0.528
26.077,0.4875,0.0347,0,0.0744,0.1579,1,0.501,0.528
26.098,0.4875,0.0328,0,0.0744,0.1579,1,0.501,0.528
26.118,0.4875,0.0328,0,0.0737,0.1563,1,0.501,0.528
26.139,0.4875,0.0328,0,0.0737,0.1563,1,0.501,0.528
26.159,0.4925,0.0328,0,0.0737,0.1563,1,0.501,0.528
26.179,0.4925,0.0347,0,0.0737,0.1563,1,0.501,0.528
26.2,0.4925,0.0347,0,0.0737,0.1563,1,0.501,0.528
26.22,0.4925,0.0347,0,0.0148,0.0522,1,0.501,0.528
26.24,0.4925,0.0347,0,0.0148,0.0522,1,0.501,0.528
26.261,0.4925,0.0347,0,0.0148,0.0522,1,0.501,0.528
26.281,0.4925,0.0347,0,0.0148,0.0522,1,0.501,0.528
26.302,0.4955,0.0347,0,0.0148,0.0522,1,0.501,0.528
26.322,0.4955,0.0358,0,0.0,0.0,0,0.501,0.528
26.342,0.4955,0.0358,0,0.0,0.0,0,0.501,0.528
26.363,0.4955,0.0358,0,0.0,0.0,0,0.501,0.528
26.383,0.4915,0.0358,0,0.0,0.0,0,0.501,0.528
26.404,0.4915,0.0343,0,0.0,0.0,0,0.501,0.528
26.424,0.4915,0.0343,0,0.0,0.0,0,0.501,0.528
26.445,0.4915,0.0343,0,0.0,0.0,0,0.501,0.528
26.465,0.4915,0.0343,0,0.0,0.0,0,0.501,0.528
26.485,0.4915,0.0343,0,0.0,0.0,0,0.501,0.528
26.506,0.4915,0.0343,0,0.0,0.0,0,0.501,0.528
26.526,0.4915,0.0343,0,0.0,0.0,0,0.501,0.528
26.547,0.4905,0.0343,0,0.0,0.0,0,0.499,0.528
26.567,0.4905,0.0339,0,0.0,0.0,0,0.499,0.528
26.588,0.4905,0.0339,0,0.0,0.0,0,0.499,0.528
26.609,0.4905,0.0339,0,0.0,0.0,0,0.499,0.528
26.629,1.0,0.0339,0,0.0,0.0,0,0.499,0.528
26.65,1.0,0.15,0,0.0,0.0,0,0.499,0.528
26.67,1.0,0.15,0,0.0,0.0,0,0.499,0.528
26.69,1.0,0.15,0,0.0,0.0,0,0.499,0.528
26.711,0.3855,0.15,0,0.0147,0.0521,1,0.499,0.528
26.732,0.3855,0.0,1,0.0147,0.0521,1,0.499,0.528
26.752,0.3855,0.0,1,0.0147,0.0521,1,0.499,0.528
26.773,0.3855,0.0,1,0.0147,0.0521,1,0.499,0.528
26.793,0.388,0.0,1,0.0147,0.0521,1,0.499,0.528
26.814,0.388,0.0,1,0.1355,0.2599,1,0.499,0.528
26.834,0.388,0.0,1,0.1355,0.2599,1,0.499,0.528
26.856,0.3805,0.0,1,0.1355,0.2599,1,0.499,0.528
26.876,0.3805,0.0,1,0.1355,0.2599,1,0.499,0.528
26.896,0.3805,0.0,1,0.1355,0.2599,1,0.499,0.528
26.917,0.3805,0.0,1,0.0632,0.0,1,0.499,0.528
26.937,0.377,0.0,1,0.0632,0.0,1,0.499,0.528
26.957,0.377,0.0,1,0.0632,0.0,1,0.499,0.528
26.978,0.377,0.0,1,0.0632,0.0,1,0.499,0.528
26.999,0.377,0.0,1,0.0632,0.0,1,0.499,0.528
27.019,0.372,0.0,1,0.0,0.0,0,0.499,0.528
27.04,0.372,0.0,1,0.0,0.0,0,0.499,0.528
27.06,0.372,0.0,1,0.0,0.0,0,0.383,0.442
27.08,0.372,0.0,1,0.0,0.0,0,0.383,0.442
27.101,0.365,0.0,1,0.0,0.0,0,0.383,0.442
27.121,0.365,0.0,1,0.0,0.0,0,0.383,0.442
27.142,0.365,0.0,1,0.0,0.0,0,0.383,0.442
27.162,0.365,0.0,1,0.0,0.0,0,0.383,0.442
27.182,0.359,0.0,1,0.0,0.0,0,0.383,0.442
27.203,0.359,0.0,1,0.0,0.0,0,0.383,0.442
27.223,0.359,0.0,1,0.0,0.0,0,0.383,0.442
27.244,0.359,0.0,1,0.0,0.0,0,0.383,0.442
27.264,0.351,0.0,1,0.0,0.0,0,0.383,0.442
27.285,0.351,0.0,1,0.0,0.0,0,0.383,0.442
27.305,0.351,0.0,1,0.0,0.0,0,0.383,0.442
27.325,0.351,0.0,1,0.0,0.0,0,0.383,0.442
27.346,0.344,0.0,1,0.0,0.0,0,0.383,0.442
27.366,0.344,0.0,1,0.0,0.0,0,0.383,0.442
27.387,0.344,0.0,1,0.0,0.0,0,0.383,0.442
27.408,0.336,0.0,1,0.0,0.0,0,0.383,0.442
27.429,0.336,0.0,1,0.0,0.0,0,0.383,0.442
27.449,0.336,0.0,1,0.0,0.0,0,0.383,0.442
27.47,0.336,0.0,1,0.0,0.0,0,0.383,0.442
27.49,0.324,0.0,1,0.0,0.0,0,0.383,0.442
27.51,0.324,0.0,1,0.0,0.0,0,0.383,0.442
27.531,0.324,0.0,1,0.0,0.0,0,0.383,0.442
27.551,0.324,0.0,1,0.0,0.0,0,0.336,0.398
27.572,0.319,0.0,1,0.0,0.0,0,0.336,0.398
27.592,0.319,0.0,1,0.0,0.0,0,0.336,0.398
27.612,0.319,0.0,1,0.0,0.0,0,0.336,0.398
27.633,0.319,0.0,1,0.0,0.0,0,0.336,0.398
27.653,0.317,0.0,1,0.0,0.0,0,0.336,0.398
27.673,0.317,0.0,1,0.0,0.0,0,0.336,0.398
27.694,0.317,0.0,1,0.0,0.0,0,0.336,0.398
27.714,0.317,0.0,1,0.0,0.0,0,0.336,0.398
27.735,0.316,0.0,1,0.0,0.0,0,0.336,0.398
27.755,0.316,0.0,1,0.0,0.0,0,0.336,0.398
27.775,0.316,0.0,1,0.0,0.0,0,0.336,0.398
27.796,0.316,0.0,1,0.0,0.0,0,0.336,0.398
27.816,0.318,0.0,1,0.0,0.0,0,0.336,0.398
27.836,0.318,0.0,1,0.0,0.0,0,0.336,0.398
27.857,0.318,0.0,1,0.0,0.0,0,0.336,0.398
27.877,0.318,0.0,1,0.0,0.0,0,0.336,0.398
27.898,0.319,0.0,1,0.0,0.0,0,0.336,0.398
27.918,0.319,0.0,1,0.0,0.0,0,0.336,0.398
27.939,0.319,0.0,1,0.0,0.0,0,0.336,0.398
27.959,0.319,0.0,1,0.0,0.0,0,0.336,0.398
27.98,0.322,0.0,1,0.0,0.0,0,0.336,0.398
28.0,0.322,0.0,1,0.0,0.0,0,0.336,0.398
28.02,0.322,0.0,1,0.0,0.0,0,0.336,0.398
28.041,0.325,0.0,1,0.0,0.0,0,0.336,0.398
28.061,0.325,0.0,1,0.0,0.0,0,0.337,0.395
28.082,0.325,0.0,1,0.0,0.0,0,0.337,0.395
28.102,0.325,0.0,1,0.0,0.0,0,0.337,0.395
28.122,0.33,0.0,1,0.0,0.0,0,0.337,0.395
28.143,0.33,0.0,1,0.0,0.0,0,0.337,0.395
28.163,0.33,0.0,1,0.0,0.0,0,0.337,0.395
28.183,0.33,0.0,1,0.0,0.0,0,0.337,0.395
28.204,0.34,0.0,1,0.0,0.0,0,0.337,0.395
28.224,0.34,0.0,1,0.0,0.0,0,0.337,0.395
28.245,0.34,0.0,1,0.0,0.0,0,0.337,0.395
28.265,0.34,0.0,1,0.0,0.0,0,0.337,0.395
28.285,0.35,0.0,1,0.0,0.0,0,0.337,0.395
28.306,0.35,0.0,1,0.0,0.0,0,0.337,0.395
28.326,0.35,0.0,1,0.0,0.0,0,0.337,0.395
28.347,0.35,0.0,1,0.0,0.0,0,0.337,0.395
28.367,0.373,0.0,1,0.0,0.0,0,0.337,0.395
28.387,0.373,0.0,1,0.0,0.0,0,0.337,0.395
28.408,0.373,0.0,1,0.0,0.0,0,0.337,0.395
28.428,0.373,0.0,1,0.0,0.0,0,0.337,0.395
28.449,0.385,0.0,1,0.0,0.0,0,0.337,0.395
28.469,0.385,0.0,1,0.0,0.0,0,0.337,0.395
28.49,0.385,0.0,1,0.0,0.0,0,0.337,0.395
28.51,0.385,0.0,1,0.0,0.0,0,0.337,0.395
28.53,0.4915,0.0,1,0.0,0.0,0,0.337,0.395
28.551,0.4915,0.0343,0,0.0,0.0,0,0.5,0.529
28.571,0.4915,0.0343,0,0.0,0.0,0,0.5,0.529
28.591,0.4915,0.0343,0,0.0,0.0,0,0.5,0.529
28.612,0.8515,0.0343,0,0.0,0.0,0,0.5,0.529
28.633,0.8515,0.15,0,0.0,0.0,0,0.5,0.529
28.653,0.8515,0.15,0,0.0,0.0,0,0.5,0.529
28.674,0.4925,0.15,0,0.0,0.0,0,0.5,0.529
28.694,0.4925,0.0347,0,0.0,0.0,0,0.5,0.529
28.714,0.4925,0.0347,0,0.0,0.0,0,0.5,0.529
28.735,0.4925,0.0347,0,0.033,0.0521,1,0.5,0.529
28.755,0.4925,0.0347,0,0.033,0.0521,1,0.5,0.529
28.776,0.4925,0.0347,0,0.033,0.0521,1,0.5,0.529
28.797,0.4925,0.0347,0,0.033,0.0521,1,0.5,0.529
28.817,0.4925,0.0347,0,0.033,0.0521,1,0.5,0.529
28.838,0.4915,0.0347,0,0.053,0.052,1,0.5,0.529
28.858,0.4915,0.0343,0,0.053,0.052,1,0.5,0.529
28.879,0.4915,0.0343,0,0.053,0.052,1,0.5,0.529
28.899,0.4915,0.0343,0,0.053,0.052,1,0.5,0.529
28.92,0.4915,0.0343,0,0.053,0.052,1,0.5,0.529
28.94,0.4915,0.0343,0,0.0,0.0,0,0.5,0.529
28.961,0.4915,0.0343,0,0.0,0.0,0,0.5,0.529
28.981,0.4915,0.0343,0,0.0,0.0,0,0.5,0.529
29.002,0.7445,0.0343,0,0.0,0.0,0,0.5,0.529
29.022,0.7445,0.1292,0,0.0,0.0,0,0.5,0.529
29.043,0.7445,0.1292,0,0.0,0.0,0,0.5,0.529
29.063,0.7445,0.1292,0,0.0,0.0,0,0.75,0.529
29.084,0.4915,0.1292,0,0.0,0.0,0,0.75,0.529
29.104,0.4915,0.0343,0,0.0,0.0,0,0.75,0.529
29.125,0.4915,0.0343,0,0.0,0.0,0,0.75,0.529
29.145,0.4915,0.0343,0,0.053,0.156,1,0.75,0.529
29.165,0.4915,0.0343,0,0.053,0.156,1,0.75,0.529
29.186,0.4915,0.0343,0,0.053,0.156,1,0.75,0.529
29.206,0.4915,0.0343,0,0.053,0.156,1,0.75,0.529
29.226,0.4915,0.0343,0,0.053,0.156,1,0.75,0.529
29.247,0.4915,0.0343,0,0.0333,0.0527,1,0.75,0.529
29.267,0.4915,0.0343,0,0.0333,0.0527,1,0.75,0.529
29.288,0.4915,0.0343,0,0.0333,0.0527,1,0.75,0.529
29.309,0.4865,0.0343,0,0.0333,0.0527,1,0.75,0.529
29.329,0.4865,0.0324,0,0.0333,0.0527,1,0.75,0.529
29.349,0.4865,0.0324,0,0.0,0.0,0,0.75,0.529
29.37,0.4865,0.0324,0,0.0,0.0,0,0.75,0.529
29.39,0.4925,0.0324,0,0.0,0.0,0,0.75,0.529
29.411,0.4925,0.0347,0,0.0,0.0,0,0.75,0.529
29.431,0.4925,0.0347,0,0.0,0.0,0,0.75,0.529
29.452,0.4925,0.0347,0,0.0,0.0,0,0.75,0.529
29.472,0.4925,0.0347,0,0.0,0.0,0,0.75,0.529
29.492,0.4925,0.0347,0,0.0,0.0,0,0.75,0.529
29.513,0.4925,0.0347,0,0.0,0.0,0,0.75,0.529
29.533,0.4925,0.0347,0,0.0,0.0,0,0.75,0.529
29.554,0.8485,0.0347,0,0.0,0.0,0,0.853,0.529
29.574,0.8485,0.15,0,0.0,0.0,0,0.853,0.529
29.594,0.8485,0.15,0,0.0,0.0,0,0.853,0.529
29.615,0.8485,0.15,0,0.0,0.0,0,0.853,0.529
29.635,0.4895,0.15,0,0.0,0.0,0,0.853,0.529
29.656,0.4895,0.0336,0,0.0532,0.0522,1,0.853,0.529
29.676,0.4895,0.0336,0,0.0532,0.0522,1,0.853,0.529
29.696,0.4895,0.0336,0,0.0532,0.0522,1,0.853,0.529
29.717,0.8495,0.0336,0,0.0532,0.0522,1,0.853,0.529
29.737,0.8495,0.15,0,0.0532,0.0522,1,0.853,0.529
29.758,0.8495,0.15,0,0.1187,0.2603,1,0.853,0.529
29.778,0.8495,0.15,0,0.1187,0.2603,1,0.853,0.529
29.799,0.4925,0.15,0,0.1187,0.2603,1,0.853,0.529
29.82,0.4925,0.0347,0,0.1187,0.2603,1,0.853,0.529
29.84,0.4925,0.0347,0,0.1187,0.2603,1,0.853,0.529
29.861,0.4915,0.0347,0,0.0869,0.2108,1,0.853,0.529
29.881,0.4915,0.0343,0,0.0869,0.2108,1,0.853,0.529
29.902,0.4915,0.0343,0,0.0869,0.2108,1,0.853,0.529
29.922,0.4915,0.0343,0,0.0869,0.2108,1,0.853,0.529
29.942,0.4925,0.0343,0,0.0869,0.2108,1,0.853,0.529
29.963,0.4925,0.0347,0,0.1043,0.3129,1,0.853,0.529
29.983,0.4925,0.0347,0,0.1043,0.3129,1,0.853,0.529
